Date,NR,WR,SR,ER,NER,Total
2017-08-01,2.6,8.0,29.8,1.1,0.0,41
2017-08-02,2.6,8.9,26.8,1.1,0.0,39
2017-08-03,3.1,9.5,27.9,0.3,0.0,41
2017-08-04,2.5,11.2,22.4,0.9,0.0,37
2017-08-05,2.8,10.9,24.3,0.7,0.0,39
2017-08-06,3.3,9.6,26.7,0.8,0.0,40
2017-08-07,0.5,8.2,24.9,0.9,0.0,35
2017-08-08,2.4,7.7,25.7,1.0,0.0,37
2017-08-09,2.6,8.3,17.4,1.1,0.0,29
2017-08-10,3.0,10.1,26.3,0.7,0.0,40
2017-08-11,3.0,9.8,24.3,0.4,0.0,37
2017-08-12,2.5,9.0,25.9,0.5,0.0,38
2017-08-13,2.5,9.9,20.0,0.1,0.0,32
2017-08-14,0.8,10.0,23.3,1.0,0.0,35
2017-08-15,3.2,11.9,26.3,0.8,0.0,42
2017-08-16,3.7,13.5,26.1,1.1,0.0,44
2017-08-17,3.5,13.1,21.4,1.1,0.0,39
2017-08-18,3.6,11.5,17.9,1.1,0.0,34
2017-08-19,2.9,8.6,17.0,1.1,0.0,30
2017-08-20,3.4,9.1,18.3,1.2,0.0,32
2017-08-21,2.8,11.2,26.9,1.1,0.0,42
2017-08-22,2.3,10.2,28.4,1.0,0.0,42
2017-08-23,2.8,11.3,31.1,1.1,0.0,46
2017-08-24,3.4,10.7,23.3,1.5,0.0,39
2017-08-25,3.3,10.7,17.5,1.2,0.0,33
2017-08-26,2.7,11.9,22.3,1.1,0.0,38
2017-08-27,3.5,10.8,21.4,1.0,0.0,37
2017-08-28,0.6,9.1,18.4,1.8,0.0,30
2017-08-29,2.9,8.2,22.3,1.0,0.0,34
2017-08-30,2.6,9.1,30.9,1.1,0.0,44
2017-08-31,3.1,10.1,32.0,0.7,0.0,46
2017-09-01,1.6,11.2,31.2,0.6,0.0,45
2017-09-02,1.7,10.3,31.5,1.1,0.0,45
2017-09-03,2.7,9.1,30.9,1.3,0.0,44
2017-09-04,3.0,11.6,29.1,1.3,0.0,45
2017-09-05,3.5,12.4,24.8,1.3,0.0,42
2017-09-06,3.9,12.7,21.4,1.3,0.0,39
2017-09-07,3.3,13.4,27.9,1.3,0.0,46
2017-09-08,4.0,13.0,29.8,1.1,0.0,48
2017-09-09,3.9,12.7,27.6,1.4,0.0,46
2017-09-10,2.0,12.8,30.8,1.2,0.0,47
2017-09-11,2.2,12.6,30.2,1.2,0.0,46
2017-09-12,3.4,12.1,33.4,1.2,0.0,50
2017-09-13,0.8,13.5,28.8,1.0,0.0,44
2017-09-14,3.7,11.9,28.7,1.1,0.0,45
2017-09-15,3.6,11.4,27.8,1.0,0.0,44
2017-09-16,6.6,11.0,27.9,1.2,0.0,47
2017-09-17,9.7,11.5,21.0,1.2,0.0,43
2017-09-18,0.8,9.9,25.0,0.9,0.0,37
2017-09-19,11.3,13.3,28.1,0.3,0.0,53
2017-09-20,3.6,12.8,28.9,0.4,0.0,46
2017-09-21,11.0,8.0,28.9,0.4,0.0,48
2017-09-22,3.3,9.9,30.8,0.4,0.0,44
2017-09-23,3.3,17.3,33.8,0.6,0.0,55
2017-09-24,3.0,14.8,28.5,0.6,0.0,47
2017-09-25,0.9,15.4,23.0,0.6,0.0,40
2017-09-26,3.3,15.6,27.1,0.6,0.0,47
2017-09-27,1.2,15.3,25.0,0.5,0.0,42
2017-09-28,4.2,15.0,23.3,0.6,0.0,43
2017-09-29,4.1,15.4,22.8,0.5,0.0,43
2017-09-30,4.3,15.8,25.8,0.5,0.0,46
2017-10-01,3.4,15.5,28.6,0.5,0.0,48
2017-10-02,0.8,15.3,27.7,0.6,0.0,44
2017-10-03,0.8,15.7,30.0,0.8,0.0,47
2017-10-04,4.2,15.2,25.6,0.9,0.0,46
2017-10-05,4.0,15.5,23.8,1.1,0.0,44
2017-10-06,3.9,14.8,27.1,0.6,0.0,46
2017-10-07,4.2,14.7,29.3,0.6,0.0,49
2017-10-08,3.7,15.4,28.9,0.8,0.0,49
2017-10-09,0.9,13.8,26.8,1.1,0.0,43
2017-10-10,3.8,11.6,28.4,0.6,0.0,44
2017-10-11,0.8,11.7,30.4,0.6,0.0,43
2017-10-12,0.7,8.5,24.1,1.6,0.0,35
2017-10-13,3.6,11.9,25.1,1.8,0.0,42
2017-10-14,3.8,15.0,26.8,0.4,0.0,46
2017-10-15,4.2,16.3,24.4,0.7,0.0,46
2017-10-16,3.8,16.7,24.6,0.8,0.0,46
2017-10-17,3.3,16.9,25.4,0.7,0.0,46
2017-10-18,4.2,16.7,30.9,0.8,0.0,53
2017-10-19,3.7,15.5,33.8,0.6,0.0,54
2017-10-20,0.9,14.8,32.7,0.4,0.0,49
2017-10-21,3.1,14.1,27.5,0.5,0.0,45
2017-10-22,3.8,15.6,32.5,0.7,0.0,53
2017-10-23,1.3,16.6,28.9,0.7,0.0,47
2017-10-24,1.0,16.4,28.9,0.7,0.0,47
2017-10-25,3.7,16.6,31.3,0.8,0.0,52
2017-10-26,2.9,16.0,28.6,0.8,0.0,48
2017-10-27,3.4,15.3,31.4,0.7,0.0,51
2017-10-28,3.7,15.0,30.5,0.6,0.0,50
2017-10-29,3.2,14.8,34.3,0.7,0.0,53
2017-10-30,3.6,15.4,30.0,0.6,0.0,50
2017-10-31,0.9,15.4,29.2,0.4,0.0,46
2017-11-01,3.2,15.2,29.0,0.7,0.0,48
2017-11-02,3.4,15.1,32.1,0.8,0.0,51
2017-11-03,3.4,15.1,32.0,0.7,0.0,51
2017-11-04,3.5,14.9,26.9,0.7,0.0,46
2017-11-05,3.0,15.0,26.8,0.8,0.0,46
2017-11-06,2.8,15.6,29.0,1.3,0.0,49
2017-11-07,2.9,15.5,30.8,0.9,0.0,50
2017-11-08,2.8,15.4,32.5,0.7,0.0,51
2017-11-09,3.1,14.9,36.5,0.7,0.0,55
2017-11-10,0.7,14.4,35.7,0.7,0.0,51
2017-11-11,2.7,14.3,29.6,0.7,0.0,47
2017-11-12,2.8,14.5,30.0,0.7,0.0,48
2017-11-13,0.7,13.9,33.8,0.7,0.0,49
2017-11-14,3.0,13.3,26.9,0.5,0.0,44
2017-11-15,0.6,15.4,31.0,0.3,0.0,47
2017-11-16,1.9,13.3,33.5,0.3,0.0,49
2017-11-17,2.6,13.1,31.4,0.5,0.0,48
2017-11-18,2.1,12.9,27.8,0.5,0.0,43
2017-11-19,2.9,12.1,27.2,0.6,0.0,43
2017-11-20,0.9,12.1,31.9,0.6,0.0,46
2017-11-21,3.1,12.1,29.6,0.7,0.0,45
2017-11-22,3.2,14.1,32.7,0.6,0.0,51
2017-11-23,3.8,15.0,33.7,0.7,0.0,53
2017-11-24,3.4,16.5,32.4,0.7,0.0,53
2017-11-25,3.1,16.1,28.5,0.7,0.0,48
2017-11-26,3.5,16.2,29.0,0.7,0.0,49
2017-11-27,3.4,16.1,30.7,0.7,0.0,51
2017-11-28,0.7,16.0,33.5,0.7,0.0,51
2017-11-29,0.7,15.3,31.1,0.7,0.0,48
2017-11-30,2.9,15.6,25.2,0.7,0.0,44
2017-12-01,3.3,14.7,23.9,0.7,0.0,43
2017-12-02,3.0,13.9,27.5,0.6,0.0,45
2017-12-03,2.7,13.4,32.6,0.6,0.0,49
2017-12-04,0.5,9.3,33.9,0.6,0.0,44
2017-12-05,1.7,4.0,28.9,0.7,0.0,35
2017-12-06,0.5,5.6,30.0,0.6,0.0,37
2017-12-07,2.9,11.0,31.9,0.6,0.0,46
2017-12-08,3.0,12.9,36.0,0.5,0.0,52
2017-12-09,0.7,13.9,36.1,0.4,0.0,51
2017-12-10,1.1,14.0,38.0,0.5,0.0,54
2017-12-11,2.3,14.2,38.9,0.6,0.0,56
2017-12-12,2.4,16.1,35.5,0.7,0.0,55
2017-12-13,2.6,15.1,33.9,0.7,0.1,52
2017-12-14,2.3,14.4,35.3,0.6,0.0,53
2017-12-15,2.6,13.9,32.6,0.6,0.0,50
2017-12-16,0.7,13.5,34.9,0.7,0.0,50
2017-12-17,3.1,14.8,36.9,0.6,0.0,56
2017-12-18,0.8,14.5,36.1,1.2,0.0,53
2017-12-19,2.8,13.2,37.1,0.5,0.0,54
2017-12-20,0.6,11.1,38.4,0.7,0.0,51
2017-12-21,3.1,13.4,38.8,0.6,0.0,56
2017-12-22,1.0,13.2,39.8,0.5,0.0,54
2017-12-23,0.7,13.5,39.8,0.6,0.0,55
2017-12-24,3.5,16.3,40.4,0.9,0.0,61
2017-12-25,0.8,16.8,37.6,0.6,0.0,56
2017-12-26,2.8,17.1,38.0,0.7,0.0,59
2017-12-27,0.6,17.0,41.1,0.7,0.0,59
2017-12-28,0.9,17.2,39.5,1.6,0.0,59
2017-12-29,2.8,16.7,39.1,0.7,0.0,59
2017-12-30,2.8,15.7,41.2,0.6,0.0,60
2017-12-31,0.6,15.0,43.5,0.9,0.0,60
2018-01-01,0.4,15.6,41.6,0.4,0.0,58
2018-01-02,3.0,15.9,37.3,0.6,0.0,57
2018-01-03,3.2,16.7,36.8,0.6,0.0,57
2018-01-04,2.9,16.2,36.2,0.9,0.0,56
2018-01-05,2.9,15.5,39.5,0.7,0.0,59
2018-01-06,2.2,15.7,39.7,0.7,0.0,58
2018-01-07,3.0,16.0,39.7,0.6,0.0,59
2018-01-08,0.5,16.2,41.1,0.7,0.0,59
2018-01-09,2.6,14.6,37.1,0.7,0.0,55
2018-01-10,2.6,14.9,36.6,0.7,0.0,55
2018-01-11,2.5,15.1,39.8,0.5,0.0,58
2018-01-12,2.8,13.8,37.6,0.6,0.0,55
2018-01-13,3.0,12.3,40.7,0.6,0.0,57
2018-01-14,2.9,14.1,43.3,0.6,0.0,61
2018-01-15,0.6,16.5,41.0,0.7,0.0,59
2018-01-16,3.0,17.0,39.3,0.7,0.0,60
2018-01-17,0.7,17.3,41.9,0.7,0.0,61
2018-01-18,2.8,17.8,46.1,0.7,0.0,67
2018-01-19,7.4,18.2,47.5,0.7,0.0,74
2018-01-20,3.3,17.9,45.7,0.7,0.0,68
2018-01-21,4.9,17.7,47.4,1.9,0.0,72
2018-01-22,0.7,16.6,46.5,0.8,0.0,65
2018-01-23,6.8,15.9,42.8,0.6,0.0,66
2018-01-24,4.7,17.8,41.1,0.6,0.0,64
2018-01-25,5.8,18.2,43.4,0.7,0.0,68
2018-01-26,5.5,18.3,44.7,0.3,0.0,69
2018-01-27,8.0,17.9,44.0,0.7,0.0,71
2018-01-28,8.9,17.8,44.4,1.5,0.0,73
2018-01-29,6.5,17.3,38.5,0.8,0.0,63
2018-01-30,8.0,18.2,48.0,0.8,0.0,75
2018-01-31,5.6,18.1,50.9,0.8,0.0,75
2018-02-01,8.1,17.8,51.5,0.7,0.0,78
2018-02-02,6.0,17.2,51.8,0.7,0.0,76
2018-02-03,6.0,17.2,53.9,0.7,0.0,78
2018-02-04,5.4,17.1,49.2,0.7,0.0,72
2018-02-05,6.7,13.1,51.0,0.7,0.0,72
2018-02-06,9.3,9.3,45.1,0.8,0.0,64
2018-02-07,7.5,12.3,26.7,0.5,0.0,47
2018-02-08,5.7,17.7,42.0,0.8,0.0,66
2018-02-09,8.3,17.9,40.2,0.5,0.0,67
2018-02-10,8.9,16.0,32.6,0.6,0.0,58
2018-02-11,6.1,14.8,39.2,0.7,0.0,61
2018-02-12,4.8,17.0,44.1,0.5,0.0,66
2018-02-13,8.5,16.1,41.5,0.5,0.0,67
2018-02-14,6.5,17.1,46.4,0.8,0.0,71
2018-02-15,6.3,17.9,45.1,0.9,0.0,70
2018-02-16,6.6,18.3,48.3,0.8,0.0,74
2018-02-17,6.2,18.4,51.2,1.5,0.0,77
2018-02-18,8.5,17.7,51.7,1.8,0.0,80
2018-02-19,8.6,17.4,51.5,1.4,0.0,79
2018-02-20,9.3,18.0,49.5,1.3,0.0,78
2018-02-21,6.0,18.1,50.3,1.5,0.0,76
2018-02-22,7.9,17.5,49.1,0.8,0.0,75
2018-02-23,9.0,17.7,51.0,1.4,0.0,79
2018-02-24,8.2,14.0,56.1,0.8,0.0,79
2018-02-25,6.3,18.1,58.4,0.7,0.0,84
2018-02-26,6.7,18.3,57.4,0.7,0.0,83
2018-02-27,6.4,18.4,54.7,0.9,0.0,81
2018-02-28,5.7,16.9,52.4,0.9,0.0,76
2018-03-01,8.9,16.8,53.2,0.9,0.0,80
2018-03-02,9.1,17.9,55.9,2.3,0.0,85
2018-03-03,8.4,18.3,53.6,1.4,0.0,82
2018-03-04,7.1,16.9,54.4,0.8,0.0,79
2018-03-05,6.3,18.1,56.1,0.5,0.0,81
2018-03-06,7.4,19.1,55.9,0.8,0.0,83
2018-03-07,16.7,16.3,54.1,0.9,0.0,88
2018-03-08,19.4,17.2,54.1,0.8,0.0,92
2018-03-09,14.5,18.2,51.8,1.2,0.0,86
2018-03-10,6.9,17.5,50.3,0.9,0.0,76
2018-03-11,7.0,18.7,48.8,0.8,0.0,75
2018-03-12,4.0,19.3,47.7,0.7,0.0,72
2018-03-13,7.1,19.2,48.1,0.8,0.2,75
2018-03-14,6.2,17.0,45.9,0.8,0.0,70
2018-03-15,8.0,16.4,38.3,0.5,0.0,63
2018-03-16,9.0,17.8,38.4,0.6,0.0,66
2018-03-17,7.0,19.4,46.2,0.9,0.0,74
2018-03-18,9.9,17.7,52.3,1.0,0.0,81
2018-03-19,6.7,14.3,53.1,0.9,0.0,75
2018-03-20,9.4,18.8,54.8,0.9,0.0,84
2018-03-21,5.6,19.8,53.5,0.7,0.0,80
2018-03-22,7.7,20.2,55.2,0.8,0.0,84
2018-03-23,7.5,20.2,56.4,0.9,0.0,85
2018-03-24,7.0,20.2,52.7,0.9,0.0,81
2018-03-25,10.1,20.0,53.0,1.4,0.0,84
2018-03-26,10.4,19.8,53.8,0.9,0.0,85
2018-03-27,10.3,19.8,51.3,0.9,0.0,82
2018-03-28,7.3,20.9,54.1,0.9,0.0,83
2018-03-29,8.0,19.6,51.6,0.8,0.0,80
2018-03-30,6.9,21.4,50.3,0.8,0.0,79
2018-03-31,7.0,21.5,50.9,0.8,0.0,80
2018-04-01,15.2,21.5,51.9,1.2,0.0,90
2018-04-02,15.2,20.4,47.0,1.2,0.0,84
2018-04-03,10.4,20.9,54.6,0.9,0.0,87
2018-04-04,11.0,20.5,54.0,0.9,0.0,86
2018-04-05,14.0,19.8,51.2,0.8,0.0,86
2018-04-06,13.0,17.9,45.0,0.8,0.0,77
2018-04-07,17.8,19.0,53.0,0.7,0.0,90
2018-04-08,14.6,18.8,50.3,0.7,0.0,85
2018-04-09,11.8,19.8,55.5,0.7,0.0,88
2018-04-10,17.6,19.5,56.1,0.8,0.0,94
2018-04-11,14.6,18.8,54.6,0.8,0.0,89
2018-04-12,18.3,19.4,57.6,0.7,0.0,96
2018-04-13,15.1,19.8,56.4,0.9,0.0,92
2018-04-14,19.2,20.5,57.9,0.9,0.0,98
2018-04-15,15.1,19.1,53.1,0.8,0.0,88
2018-04-16,15.0,20.5,57.2,0.9,0.0,94
2018-04-17,14.9,20.6,59.2,0.9,0.0,96
2018-04-18,16.3,22.1,59.0,1.2,0.0,99
2018-04-19,19.9,21.7,55.6,0.9,0.0,98
2018-04-20,15.0,21.8,56.3,0.9,0.0,94
2018-04-21,17.8,22.7,60.2,0.9,0.0,102
2018-04-22,14.5,22.2,55.2,0.9,0.0,93
2018-04-23,17.2,22.6,57.0,0.9,0.0,98
2018-04-24,18.2,22.5,57.4,0.9,0.0,99
2018-04-25,20.4,22.5,58.0,0.9,0.0,102
2018-04-26,19.4,21.4,57.3,0.8,0.0,99
2018-04-27,19.4,20.0,58.2,0.8,0.0,98
2018-04-28,15.7,20.1,58.6,0.8,0.0,95
2018-04-29,16.5,21.3,53.7,0.8,0.0,92
2018-04-30,16.6,21.3,58.3,0.7,0.0,97
2018-05-01,19.6,21.7,58.9,0.8,0.0,101
2018-05-02,11.1,21.5,57.6,0.9,0.0,91
2018-05-03,17.1,21.7,52.9,0.8,0.0,92
2018-05-04,18.2,20.7,49.9,0.9,0.0,90
2018-05-05,20.6,20.1,53.8,0.9,0.0,95
2018-05-06,21.4,21.1,53.3,0.9,0.0,97
2018-05-07,15.6,22.1,55.5,0.8,0.0,94
2018-05-08,19.0,21.5,55.0,0.8,0.0,96
2018-05-09,15.9,21.2,53.7,0.8,0.0,92
2018-05-10,16.3,20.8,51.1,0.7,0.0,89
2018-05-11,19.6,21.3,57.8,0.7,0.0,99
2018-05-12,15.8,21.4,55.0,0.7,0.0,93
2018-05-13,14.9,20.5,56.7,0.8,0.0,93
2018-05-14,14.3,20.3,53.3,0.7,0.0,89
2018-05-15,17.9,19.6,48.6,0.9,0.0,87
2018-05-16,13.1,19.1,57.0,1.1,0.0,90
2018-05-17,14.6,19.6,54.9,0.9,0.0,90
2018-05-18,14.5,20.1,53.9,0.7,0.0,89
2018-05-19,15.0,20.4,55.5,0.8,0.0,92
2018-05-20,19.5,19.6,54.1,0.7,0.0,94
2018-05-21,15.1,19.2,53.5,0.8,0.0,89
2018-05-22,20.1,19.3,53.2,0.8,0.0,93
2018-05-23,15.9,19.1,48.2,0.8,0.0,84
2018-05-24,16.6,19.4,50.0,0.8,0.0,87
2018-05-25,17.4,20.9,47.8,0.7,0.0,87
2018-05-26,17.1,20.2,52.9,0.9,0.0,91
2018-05-27,21.3,20.7,54.9,0.7,0.0,98
2018-05-28,17.3,20.8,56.6,0.8,0.0,95
2018-05-29,20.0,19.7,58.4,0.7,0.0,99
2018-05-30,16.3,20.0,54.5,0.8,0.0,92
2018-05-31,17.0,18.6,56.8,0.7,0.0,93
2018-06-01,18.6,18.8,51.5,0.8,0.0,90
2018-06-02,16.1,17.9,39.6,0.9,0.0,75
2018-06-03,19.4,18.0,53.1,0.8,0.0,91
2018-06-04,16.2,12.2,54.6,0.8,0.0,84
2018-06-05,16.3,19.4,54.3,0.8,0.0,91
2018-06-06,15.8,18.8,52.8,0.9,0.0,88
2018-06-07,19.5,17.1,45.8,0.5,0.0,83
2018-06-08,17.4,17.1,39.5,0.6,0.0,75
2018-06-09,15.4,16.0,37.4,0.7,0.0,70
2018-06-10,17.1,17.0,44.3,0.8,0.0,79
2018-06-11,19.0,16.9,40.0,0.6,0.0,77
2018-06-12,13.8,19.2,50.0,0.6,0.0,84
2018-06-13,14.2,20.3,53.3,0.7,0.0,89
2018-06-14,10.2,19.7,52.5,0.8,0.0,83
2018-06-15,11.7,19.6,58.4,0.9,0.0,91
2018-06-16,13.0,18.7,59.7,0.8,0.0,92
2018-06-17,12.0,18.2,56.8,0.9,0.0,88
2018-06-18,8.8,18.0,55.1,0.7,0.0,83
2018-06-19,16.5,18.1,55.7,0.8,0.0,91
2018-06-20,18.6,19.1,59.0,0.8,0.0,97
2018-06-21,14.9,18.1,52.2,0.8,0.0,86
2018-06-22,20.9,15.7,38.7,0.8,0.0,76
2018-06-23,15.5,16.5,41.5,0.7,0.0,74
2018-06-24,20.5,15.9,53.6,0.7,0.0,91
2018-06-25,15.3,12.7,53.6,0.7,0.1,82
2018-06-26,18.5,12.9,51.7,0.3,0.0,83
2018-06-27,13.1,13.9,42.6,0.4,0.0,70
2018-06-28,14.5,12.2,39.9,0.6,0.0,67
2018-06-29,14.2,14.4,48.2,0.7,0.0,78
2018-06-30,14.0,18.3,55.8,0.8,0.0,89
2018-07-01,12.5,18.2,49.1,0.5,0.0,80
2018-07-02,14.7,17.2,56.6,0.6,0.0,89
2018-07-03,15.2,14.8,49.8,0.4,0.0,80
2018-07-04,14.4,13.2,51.4,0.5,0.0,80
2018-07-05,17.9,13.3,52.6,0.8,0.0,84
2018-07-06,16.3,15.0,42.4,0.6,0.0,74
2018-07-07,16.4,15.8,33.7,0.8,0.0,67
2018-07-08,19.1,16.5,32.3,0.9,0.0,69
2018-07-09,16.0,14.1,34.2,0.7,0.0,65
2018-07-10,15.4,10.5,32.4,0.6,0.0,59
2018-07-11,17.5,9.6,29.9,0.6,0.0,58
2018-07-12,15.2,8.1,34.2,0.6,0.0,58
2018-07-13,14.5,12.1,39.2,0.6,0.0,66
2018-07-14,15.1,10.8,34.7,0.6,0.0,61
2018-07-15,14.0,9.9,32.9,0.6,0.0,57
2018-07-16,15.4,11.1,31.7,0.5,0.0,59
2018-07-17,14.5,10.1,46.4,0.9,0.0,72
2018-07-18,13.8,10.6,48.1,0.6,0.0,73
2018-07-19,14.4,9.5,44.2,0.9,0.0,69
2018-07-20,12.3,8.5,36.9,0.6,0.0,58
2018-07-21,13.9,10.4,41.2,0.4,0.0,66
2018-07-22,12.2,8.8,39.8,0.3,0.0,61
2018-07-23,11.8,6.1,43.7,0.4,0.0,62
2018-07-24,10.6,7.7,46.3,0.3,0.0,65
2018-07-25,16.3,9.1,49.4,0.4,0.0,75
2018-07-26,10.5,8.5,42.8,0.9,0.0,63
2018-07-27,12.3,10.5,40.7,0.4,0.0,64
2018-07-28,13.3,15.0,44.7,0.4,0.0,73
2018-07-29,17.9,13.7,46.5,0.4,0.0,79
2018-07-30,16.3,15.1,50.2,0.4,0.0,82
2018-07-31,14.8,16.3,45.5,0.5,0.0,77
2018-08-01,16.4,16.3,46.8,0.3,0.0,80
2018-08-02,16.2,15.4,50.8,0.2,0.0,83
2018-08-03,15.8,14.6,51.5,0.6,0.0,82
2018-08-04,11.7,15.8,51.2,0.5,0.0,79
2018-08-05,14.9,13.8,46.8,0.5,0.0,76
2018-08-06,14.8,13.5,47.2,0.2,0.0,76
2018-08-07,13.6,11.7,39.6,0.5,0.0,65
2018-08-08,17.1,8.2,37.7,0.6,0.0,64
2018-08-09,13.5,11.6,48.4,0.7,0.0,74
2018-08-10,19.2,12.4,42.1,0.6,0.0,74
2018-08-11,21.8,13.9,23.7,0.6,0.0,60
2018-08-12,16.6,12.2,27.7,0.5,0.0,57
2018-08-13,16.2,13.5,40.1,1.2,0.0,71
2018-08-14,17.5,13.3,38.0,0.6,0.0,69
2018-08-15,15.5,10.5,27.6,0.5,0.0,54
2018-08-16,18.2,10.2,29.6,0.7,0.0,59
2018-08-17,18.9,9.0,44.4,0.8,0.0,73
2018-08-18,19.0,9.2,42.0,0.9,0.0,71
2018-08-19,18.8,10.9,36.4,0.8,0.0,67
2018-08-20,16.4,8.1,32.1,0.6,0.0,57
2018-08-21,16.2,7.7,48.7,0.6,0.0,73
2018-08-22,19.6,9.5,53.2,0.4,0.0,83
2018-08-23,16.9,11.0,49.0,0.5,0.0,77
2018-08-24,19.6,12.2,52.7,0.4,0.0,85
2018-08-25,18.7,12.4,54.1,0.4,0.0,86
2018-08-26,17.9,12.1,46.4,0.9,0.0,77
2018-08-27,20.2,13.1,38.9,0.6,0.0,73
2018-08-28,17.3,11.4,51.8,0.5,0.0,81
2018-08-29,13.0,10.5,51.0,0.7,0.0,75
2018-08-30,19.2,12.2,58.6,0.5,0.0,91
2018-08-31,18.6,10.5,52.0,0.5,0.0,82
2018-09-01,19.0,11.4,54.1,0.5,0.0,85
2018-09-02,20.1,11.8,56.4,0.5,0.0,89
2018-09-03,16.5,13.9,58.4,1.1,0.0,90
2018-09-04,18.5,14.1,60.6,0.7,0.0,94
2018-09-05,16.2,17.4,56.9,0.5,0.0,91
2018-09-06,17.4,16.5,55.7,0.9,0.0,90
2018-09-07,16.3,12.9,56.4,0.4,0.0,86
2018-09-08,15.9,11.6,57.9,0.9,0.0,86
2018-09-09,17.2,11.9,59.3,0.5,0.0,89
2018-09-10,19.0,12.1,52.3,0.6,0.0,84
2018-09-11,20.7,15.5,55.6,1.5,0.0,93
2018-09-12,21.3,16.7,53.5,0.9,0.0,92
2018-09-13,21.4,17.4,59.7,0.8,0.0,99
2018-09-14,21.7,18.3,60.5,0.9,0.0,101
2018-09-15,21.5,19.5,60.7,1.0,0.0,103
2018-09-16,18.8,17.4,52.7,1.0,0.0,90
2018-09-17,19.8,18.2,41.7,0.0,0.0,80
2018-09-18,20.9,18.8,56.4,0.8,0.0,97
2018-09-19,20.6,18.6,47.0,0.9,0.0,87
2018-09-20,20.4,20.0,46.2,0.8,0.0,87
2018-09-21,19.3,16.8,39.6,0.8,0.0,77
2018-09-22,14.1,11.6,63.1,0.9,0.0,90
2018-09-23,18.8,12.7,61.1,0.1,0.0,93
2018-09-24,19.7,18.5,54.5,1.0,0.0,94
2018-09-25,20.4,19.2,56.5,0.9,0.0,97
2018-09-26,22.1,21.4,51.6,0.5,0.0,96
2018-09-27,18.5,20.2,59.2,0.9,0.0,99
2018-09-28,19.9,20.5,53.8,1.1,0.0,95
2018-09-29,17.3,20.8,55.6,1.0,0.0,95
2018-09-30,21.8,21.4,58.5,1.0,0.0,103
2018-10-01,22.0,20.0,57.0,1.0,0.0,100
2018-10-02,22.0,20.0,59.0,1.0,0.0,103
2018-10-03,22.0,20.0,57.0,1.0,0.0,99
2018-10-04,23.0,19.0,52.0,1.0,0.0,95
2018-10-05,23.0,19.0,48.0,1.0,0.0,91
2018-10-06,22.0,20.0,56.0,1.0,0.0,100
2018-10-07,21.0,20.0,63.0,1.0,0.0,104
2018-10-08,23.0,19.0,62.0,1.0,0.0,105
2018-10-09,22.0,21.0,61.0,1.0,0.0,104
2018-10-10,19.0,20.0,59.0,1.0,0.0,100
2018-10-11,21.0,19.0,60.0,1.0,0.0,100
2018-10-12,22.0,19.0,66.0,0.0,0.0,107
2018-10-13,22.0,18.0,63.0,1.0,0.0,105
2018-10-14,23.0,19.0,52.0,1.0,0.0,96
2018-10-15,22.0,20.0,58.0,0.0,0.0,100
2018-10-16,18.0,19.0,54.0,1.0,0.0,93
2018-10-17,18.0,17.0,52.0,1.0,0.0,88
2018-10-18,22.0,20.0,58.0,1.0,0.0,101
2018-10-19,21.0,20.0,68.0,1.0,0.0,110
2018-10-20,21.0,20.0,70.0,1.0,0.0,111
2018-10-21,18.0,20.0,68.0,1.0,0.0,107
2018-10-22,22.0,20.0,71.0,1.0,0.0,113
2018-10-23,22.0,20.0,67.0,1.0,0.0,111
2018-10-24,22.0,20.0,61.0,1.0,0.0,103
2018-10-25,19.0,19.0,60.0,1.0,0.0,99
2018-10-26,21.0,20.0,64.0,1.0,0.0,107
2018-10-27,22.0,19.0,72.0,1.0,0.0,114
2018-10-28,22.0,20.0,73.0,1.0,0.0,117
2018-10-29,22.0,19.0,69.0,1.0,0.0,112
2018-10-30,22.0,20.0,73.0,1.0,0.0,116
2018-10-31,20.0,21.0,66.0,1.0,0.0,107
2018-11-01,20.0,20.0,56.0,1.0,0.0,96
2018-11-02,20.0,16.0,45.0,1.0,0.0,82
2018-11-03,19.0,18.0,52.0,1.0,0.0,90
2018-11-04,22.0,18.0,66.0,2.0,0.0,108
2018-11-05,23.0,18.0,69.0,1.0,0.0,111
2018-11-06,23.0,20.0,61.0,1.0,0.0,105
2018-11-07,23.0,20.0,68.0,1.0,0.0,111
2018-11-08,22.0,20.0,64.0,1.0,0.0,107
2018-11-09,20.0,20.0,70.0,1.0,0.0,111
2018-11-10,22.0,20.0,71.0,1.0,0.0,113
2018-11-11,22.0,20.0,72.0,1.0,0.0,115
2018-11-12,21.0,20.0,71.0,1.0,0.0,113
2018-11-13,19.0,20.0,72.0,1.0,0.0,112
2018-11-14,18.0,18.0,72.0,1.0,0.0,109
2018-11-15,21.0,19.0,67.0,1.0,0.0,107
2018-11-16,19.0,20.0,47.0,1.0,0.0,87
2018-11-17,21.0,20.0,61.0,1.0,0.0,103
2018-11-18,22.0,20.0,61.0,1.0,0.0,103
2018-11-19,20.0,18.0,59.0,1.0,0.0,98
2018-11-20,20.0,17.0,60.0,1.0,0.0,97
2018-11-21,21.0,18.0,61.0,1.0,0.0,101
2018-11-22,21.0,18.0,50.0,1.0,0.0,90
2018-11-23,21.0,18.0,45.0,1.0,0.0,86
2018-11-24,21.0,20.0,60.0,1.0,0.0,101
2018-11-25,20.0,20.0,66.0,1.0,0.0,107
2018-11-26,19.0,19.0,68.0,1.0,0.0,107
2018-11-27,16.0,18.0,73.0,1.0,0.0,108
2018-11-28,19.0,18.0,71.0,1.0,0.0,109
2018-11-29,20.0,19.0,59.0,1.0,0.0,100
2018-11-30,20.0,18.0,65.0,1.0,0.0,103
2018-12-01,21.0,17.0,70.0,1.0,0.0,108
2018-12-02,20.0,17.0,72.0,1.0,0.0,110
2018-12-03,20.0,17.0,63.0,1.0,0.0,100
2018-12-04,21.0,15.0,45.0,1.0,0.0,81
2018-12-05,20.0,17.0,45.0,0.0,0.0,81
2018-12-06,22.0,17.0,57.0,1.0,0.0,97
2018-12-07,23.0,18.0,63.0,1.0,0.0,105
2018-12-08,22.0,17.0,59.0,1.0,0.0,99
2018-12-09,21.0,18.0,53.0,1.0,0.0,93
2018-12-10,12.0,18.0,55.0,1.0,0.0,86
2018-12-11,17.0,18.0,59.0,1.0,0.0,96
2018-12-12,18.0,17.0,60.0,1.0,0.0,96
2018-12-13,19.0,18.0,52.0,1.0,0.0,90
2018-12-14,20.0,18.0,55.0,1.0,0.0,94
2018-12-15,23.0,19.0,60.0,1.0,0.0,102
2018-12-16,22.0,18.0,53.0,1.0,0.0,94
2018-12-17,23.0,18.0,49.0,1.0,0.0,91
2018-12-18,23.0,19.0,49.0,1.0,0.0,92
2018-12-19,25.0,21.0,53.0,1.0,0.0,99
2018-12-20,23.0,21.0,65.0,1.0,0.0,110
2018-12-21,23.0,21.0,61.0,1.0,0.0,106
2018-12-22,24.0,21.0,61.0,1.0,0.0,106
2018-12-23,23.0,20.0,64.0,1.0,0.0,109
2018-12-24,22.0,19.0,59.0,1.0,0.0,101
2018-12-25,20.0,19.0,64.0,1.0,0.0,104
2018-12-26,21.0,20.0,63.0,1.0,0.0,104
2018-12-27,22.0,21.0,58.0,1.0,0.0,102
2018-12-28,23.0,22.0,62.0,0.0,0.0,107
2018-12-29,24.0,22.0,60.0,1.0,0.0,107
2018-12-30,23.0,21.0,65.0,1.0,0.0,110
2018-12-31,23.0,22.0,69.0,1.0,0.0,115
2019-01-01,22.0,20.0,74.0,1.0,0.0,116
2019-01-02,20.0,20.0,75.0,1.0,0.0,115
2019-01-03,19.0,21.0,74.0,1.0,0.0,115
2019-01-04,12.0,19.0,76.0,1.0,0.0,108
2019-01-05,17.0,19.0,73.0,1.0,0.0,110
2019-01-06,17.0,20.0,71.0,1.0,0.0,109
2019-01-07,20.0,20.0,71.0,1.0,0.0,112
2019-01-08,21.0,21.0,74.0,1.0,0.0,116
2019-01-09,20.0,20.0,74.0,1.0,0.0,116
2019-01-10,19.0,20.0,74.0,1.0,0.0,114
2019-01-11,16.0,20.0,71.0,1.0,0.0,108
2019-01-12,13.0,20.0,68.0,1.0,0.0,101
2019-01-13,17.0,20.0,68.0,0.0,0.0,105
2019-01-14,22.0,20.0,72.0,1.0,0.0,114
2019-01-15,23.0,20.0,71.0,1.0,0.0,115
2019-01-16,18.0,22.0,73.0,1.0,0.0,113
2019-01-17,22.0,20.0,73.0,1.0,0.0,116
2019-01-18,21.0,21.0,71.0,1.0,0.0,114
2019-01-19,18.0,22.0,70.0,1.0,0.0,111
2019-01-20,20.0,21.0,72.0,1.0,0.0,113
2019-01-21,13.0,19.0,76.0,1.0,0.0,109
2019-01-22,13.0,20.0,75.0,1.0,0.0,109
2019-01-23,13.0,21.0,71.0,1.0,0.0,106
2019-01-24,20.0,20.0,67.0,1.0,0.0,108
2019-01-25,16.0,18.0,58.0,1.0,0.0,93
2019-01-26,23.0,20.0,47.0,1.0,0.0,90
2019-01-27,24.0,22.0,39.0,1.0,0.0,85
2019-01-28,26.0,23.0,41.0,1.0,0.0,91
2019-01-29,23.0,24.0,64.0,1.0,0.0,112
2019-01-30,19.0,23.0,76.0,1.0,0.0,119
2019-01-31,18.0,18.0,76.0,1.0,0.0,112
2019-02-01,21.0,22.0,70.0,1.0,0.0,114
2019-02-02,19.0,21.0,73.0,1.0,0.0,114
2019-02-03,23.0,19.0,76.0,1.0,0.0,119
2019-02-04,22.0,18.0,74.0,1.0,0.0,115
2019-02-05,23.0,19.0,70.0,1.0,0.0,114
2019-02-06,22.0,20.0,73.0,1.0,0.0,116
2019-02-07,20.0,23.0,67.0,1.0,0.0,111
2019-02-08,23.0,23.0,67.0,1.0,0.0,114
2019-02-09,21.0,24.0,69.0,1.0,0.0,115
2019-02-10,19.0,26.0,70.0,1.0,0.0,117
2019-02-11,20.0,23.0,68.0,1.0,0.0,112
2019-02-12,24.0,21.0,73.0,1.0,0.0,119
2019-02-13,21.0,20.0,78.0,1.0,0.0,120
2019-02-14,19.0,22.0,80.0,1.0,0.0,122
2019-02-15,22.0,22.0,73.0,1.0,0.0,118
2019-02-16,25.0,24.0,78.0,1.0,0.0,127
2019-02-17,21.0,25.0,79.0,1.0,0.0,126
2019-02-18,20.0,19.0,80.0,1.0,0.0,121
2019-02-19,21.0,24.0,74.0,1.0,0.0,120
2019-02-20,15.0,24.0,76.0,1.0,0.0,115
2019-02-21,19.0,22.0,82.0,1.0,0.0,124
2019-02-22,26.0,24.0,83.0,1.0,0.0,133
2019-02-23,24.0,22.0,84.0,1.0,0.0,132
2019-02-24,25.0,23.0,83.0,1.0,0.0,131
2019-02-25,26.0,26.0,82.0,1.0,0.0,134
2019-02-26,18.0,24.0,79.0,1.0,0.0,121
2019-02-27,24.0,24.0,74.0,1.0,0.0,124
2019-02-28,24.0,27.0,77.0,1.0,0.0,129
2019-03-01,22.0,27.0,78.0,1.0,0.0,128
2019-03-02,11.0,22.0,75.0,1.0,0.0,108
2019-03-03,19.0,22.0,77.0,1.0,0.0,119
2019-03-04,22.0,24.0,77.0,1.0,0.0,124
2019-03-05,25.0,25.0,82.0,1.0,0.0,134
2019-03-06,26.0,25.0,85.0,1.0,0.0,137
2019-03-07,25.0,25.0,84.0,1.0,0.0,135
2019-03-08,24.0,26.0,80.0,1.0,0.0,131
2019-03-09,30.0,26.0,76.0,1.0,0.0,133
2019-03-10,23.0,27.0,74.0,1.0,0.0,124
2019-03-11,26.0,26.0,80.0,1.0,0.0,133
2019-03-12,22.0,25.0,80.0,1.0,0.0,129
2019-03-13,20.0,23.0,82.0,1.0,0.0,126
2019-03-14,24.0,24.0,84.0,1.0,0.0,132
2019-03-15,27.0,25.0,84.0,1.0,0.0,136
2019-03-16,24.0,25.0,84.0,1.0,0.0,135
2019-03-17,30.0,25.0,85.0,1.0,0.0,141
2019-03-18,21.0,26.0,85.0,1.0,0.0,133
2019-03-19,26.0,26.0,82.0,1.0,0.0,136
2019-03-20,25.0,26.0,76.0,1.0,0.0,128
2019-03-21,26.0,27.0,82.0,1.0,0.0,136
2019-03-22,26.0,26.0,82.0,1.0,0.0,134
2019-03-23,24.0,26.0,81.0,1.0,0.0,131
2019-03-24,24.0,26.0,81.0,1.0,0.0,132
2019-03-25,22.0,23.0,60.0,1.0,0.0,106
2019-03-26,30.0,26.0,84.0,1.0,0.0,141
2019-03-27,28.0,27.0,82.0,1.0,0.0,138
2019-03-28,29.0,26.0,83.0,1.0,0.0,139
2019-03-29,23.0,26.0,83.0,1.0,0.0,132
2019-03-30,26.0,25.0,82.0,2.0,0.0,134
2019-03-31,28.0,25.0,84.0,1.0,0.0,138
2019-04-01,29.0,26.0,82.0,1.0,0.0,138
2019-04-02,28.0,26.0,79.0,1.0,0.0,134
2019-04-03,28.0,26.0,80.0,1.0,0.0,135
2019-04-04,26.0,27.0,80.0,1.0,0.0,134
2019-04-05,24.0,25.0,82.0,1.0,0.0,133
2019-04-06,29.0,26.0,82.0,1.0,0.0,138
2019-04-07,25.0,25.0,79.0,1.0,0.0,130
2019-04-08,28.0,26.0,78.0,1.0,0.0,133
2019-04-09,25.0,27.0,79.0,1.0,0.0,133
2019-04-10,26.0,26.0,84.0,1.0,0.0,137
2019-04-11,24.0,26.0,81.0,1.0,0.0,133
2019-04-12,25.0,26.0,85.0,1.0,0.0,137
2019-04-13,23.0,26.0,87.0,2.0,0.0,138
2019-04-14,23.0,25.0,86.0,3.0,0.0,136
2019-04-15,22.0,17.0,90.0,2.0,0.0,131
2019-04-16,17.0,18.0,87.0,2.0,0.0,124
2019-04-17,20.0,25.0,78.0,2.0,0.0,126
2019-04-18,29.0,27.0,85.0,2.0,0.0,142
2019-04-19,26.0,28.0,84.0,1.0,0.0,140
2019-04-20,28.0,28.0,85.0,1.0,0.0,142
2019-04-21,27.0,28.0,85.0,2.0,0.0,142
2019-04-22,26.0,27.0,85.0,2.0,0.0,140
2019-04-23,27.0,25.0,86.0,2.0,0.0,141
2019-04-24,25.0,26.0,88.0,2.0,0.0,141
2019-04-25,25.0,26.0,92.0,2.0,0.0,144
2019-04-26,24.0,26.0,80.0,1.0,0.0,131
2019-04-27,26.0,26.0,80.0,1.0,0.0,133
2019-04-28,33.0,27.0,75.0,1.0,0.0,135
2019-04-29,27.0,27.0,74.0,2.0,0.0,130
2019-04-30,27.0,27.0,74.0,2.0,0.0,131
2019-05-01,25.0,25.0,68.0,3.0,0.0,121
2019-05-02,26.0,26.0,81.0,2.0,0.0,135
2019-05-03,26.0,26.0,90.0,2.0,0.0,144
2019-05-04,26.0,25.0,88.0,2.0,0.0,141
2019-05-05,28.0,25.0,85.0,1.0,0.0,139
2019-05-06,34.0,26.0,86.0,1.0,0.0,147
2019-05-07,28.0,27.0,84.0,2.0,0.0,141
2019-05-08,26.0,27.0,81.0,2.0,0.0,136
2019-05-09,27.0,26.0,88.0,2.0,0.0,142
2019-05-10,24.0,26.0,86.0,2.0,0.0,139
2019-05-11,26.0,26.0,80.0,2.0,0.0,133
2019-05-12,26.0,26.0,77.0,2.0,0.0,130
2019-05-13,25.0,25.0,82.0,1.0,0.0,133
2019-05-14,25.0,27.0,81.0,1.0,0.0,134
2019-05-15,25.0,25.0,82.0,2.0,0.0,134
2019-05-16,29.0,26.0,85.0,2.0,0.0,142
2019-05-17,24.0,27.0,82.0,2.0,0.0,135
2019-05-18,28.0,26.0,85.0,2.0,0.0,140
2019-05-19,27.0,25.0,82.0,2.0,0.0,137
2019-05-20,29.0,25.0,86.0,2.0,0.0,142
2019-05-21,22.0,26.0,79.0,1.0,0.0,128
2019-05-22,26.0,27.0,85.0,1.0,0.0,139
2019-05-23,27.0,26.0,78.0,2.0,0.0,134
2019-05-24,27.0,27.0,84.0,2.0,0.0,140
2019-05-25,29.0,23.0,88.0,2.0,0.0,143
2019-05-26,28.0,25.0,88.0,2.0,0.0,143
2019-05-27,32.0,26.0,85.0,2.0,0.0,146
2019-05-28,35.0,25.0,84.0,2.0,0.0,147
2019-05-29,29.0,26.0,83.0,1.0,0.0,139
2019-05-30,25.0,25.0,76.0,1.0,0.0,127
2019-05-31,28.0,25.0,82.0,2.0,0.0,137
2019-06-01,29.0,24.0,76.0,2.0,0.0,131
2019-06-02,29.0,24.0,82.0,2.0,0.0,138
2019-06-03,27.0,24.0,73.0,3.0,0.0,128
2019-06-04,30.0,0.0,79.0,2.0,0.0,112
2019-06-05,29.0,0.0,85.0,2.0,0.0,117
2019-06-06,27.0,24.0,82.0,2.0,0.0,135
2019-06-07,30.0,23.0,81.0,3.0,0.0,137
2019-06-08,28.0,23.0,70.0,3.0,0.0,123
2019-06-09,29.0,23.0,81.0,2.0,0.0,136
2019-06-10,30.0,23.0,81.0,2.0,0.0,136
2019-06-11,30.0,23.0,83.0,2.0,0.0,138
2019-06-12,28.0,21.0,78.0,2.0,0.0,129
2019-06-13,24.0,20.0,67.0,2.0,0.0,114
2019-06-14,28.0,23.0,81.0,2.0,0.0,134
2019-06-15,29.0,21.0,89.0,2.0,0.0,141
2019-06-16,29.0,24.0,87.0,2.0,0.0,142
2019-06-17,28.0,21.0,87.0,2.0,0.0,138
2019-06-18,25.0,19.0,87.0,2.0,0.0,133
2019-06-19,27.0,19.0,87.0,2.0,0.0,136
2019-06-20,27.0,22.0,79.0,2.0,0.0,131
2019-06-21,27.0,21.0,61.0,2.0,0.0,112
2019-06-22,25.0,22.0,61.0,2.0,0.0,110
2019-06-23,26.0,21.0,63.0,3.0,0.0,113
2019-06-24,22.0,19.0,72.0,2.0,0.0,115
2019-06-25,26.0,20.0,75.0,2.0,0.0,123
2019-06-26,28.0,19.0,67.0,2.0,0.0,116
2019-06-27,28.0,21.0,76.0,2.0,0.0,127
2019-06-28,29.0,20.0,71.0,2.0,0.0,121
2019-06-29,28.0,17.0,63.0,2.0,0.0,110
2019-06-30,29.0,17.0,56.0,2.0,0.0,103
2019-07-01,29.0,19.0,59.0,1.0,0.0,108
2019-07-02,27.0,20.0,62.0,2.0,0.0,112
2019-07-03,27.0,15.0,68.0,2.0,0.0,112
2019-07-04,28.0,12.0,74.0,2.0,0.0,115
2019-07-05,25.0,12.0,61.0,2.0,0.0,100
2019-07-06,25.0,12.0,60.0,2.0,0.0,99
2019-07-07,26.0,17.0,65.0,2.0,0.0,109
2019-07-08,26.0,18.0,74.0,2.0,0.0,119
2019-07-09,22.0,19.0,67.0,2.0,0.0,110
2019-07-10,25.0,21.0,70.0,2.0,0.0,119
2019-07-11,22.0,19.0,68.0,2.0,0.0,112
2019-07-12,23.0,20.0,73.0,2.0,0.0,117
2019-07-13,25.0,20.0,76.0,2.0,0.0,123
2019-07-14,21.0,21.0,75.0,2.0,0.0,118
2019-07-15,21.0,20.0,76.0,2.0,0.0,118
2019-07-16,18.0,22.0,80.0,2.0,0.0,121
2019-07-17,21.0,21.0,73.0,2.0,0.0,117
2019-07-18,24.0,23.0,68.0,2.0,0.0,116
2019-07-19,20.0,22.0,61.0,2.0,0.0,105
2019-07-20,21.0,20.0,60.0,2.0,0.0,104
2019-07-21,20.0,19.0,69.0,2.0,0.0,111
2019-07-22,26.0,23.0,65.0,2.0,0.0,116
2019-07-23,24.0,23.0,64.0,2.0,0.0,113
2019-07-24,23.0,21.0,63.0,2.0,0.0,109
2019-07-25,18.0,16.0,61.0,2.0,0.0,97
2019-07-26,19.0,12.0,45.0,2.0,0.0,78
2019-07-27,23.0,11.0,46.0,2.0,0.0,82
2019-07-28,15.0,9.0,40.0,2.0,0.0,66
2019-07-29,25.0,9.0,45.0,2.0,0.0,81
2019-07-30,26.0,10.0,47.0,2.0,0.0,85
2019-07-31,21.0,10.0,63.0,2.0,0.0,96
2019-08-01,21.0,10.0,63.0,2.0,0.0,96
2019-08-02,24.0,12.0,38.0,2.0,0.0,75
2019-08-03,21.0,13.0,49.0,2.0,0.0,85
2019-08-04,25.0,13.0,51.0,2.0,0.0,91
2019-08-05,27.0,13.0,55.0,3.0,0.0,98
2019-08-06,27.0,14.0,46.0,2.0,0.0,90
2019-08-07,22.0,11.0,43.0,2.0,0.0,79
2019-08-08,21.0,9.0,44.0,1.0,0.0,75
2019-08-09,24.0,6.0,52.0,2.0,0.0,85
2019-08-10,24.0,6.0,61.0,2.0,0.0,93
2019-08-11,22.0,15.0,67.0,2.0,0.0,107
2019-08-12,22.0,18.0,70.0,2.0,0.0,112
2019-08-13,24.0,17.0,63.0,2.0,0.0,105
2019-08-14,25.0,12.0,65.0,2.0,0.0,104
2019-08-15,16.0,9.0,68.0,2.0,0.0,96
2019-08-16,16.0,12.0,77.0,2.0,0.0,107
2019-08-17,21.0,16.0,66.0,2.0,0.0,105
2019-08-18,28.0,16.0,44.0,2.0,0.0,90
2019-08-19,27.0,20.0,77.0,2.0,0.0,127
2019-08-20,28.0,22.0,61.0,3.0,0.0,114
2019-08-21,29.0,21.0,64.0,2.0,0.0,116
2019-08-22,30.0,22.0,68.0,2.0,0.0,121
2019-08-23,30.0,21.0,66.0,2.0,0.0,119
2019-08-24,29.0,18.0,76.0,2.0,0.0,125
2019-08-25,25.0,15.0,79.0,2.0,0.0,122
2019-08-26,23.0,12.0,81.0,2.0,0.0,118
2019-08-27,26.0,15.0,83.0,2.0,0.0,126
2019-08-28,19.0,14.0,78.0,2.0,0.0,113
2019-08-29,21.0,18.0,78.0,2.0,0.0,119
2019-08-30,25.0,18.0,74.0,2.0,0.0,119
2019-08-31,25.0,19.0,56.0,2.0,0.0,102
2019-09-01,24.0,16.0,48.0,2.0,0.0,90
2019-09-02,21.0,17.0,59.0,2.0,0.0,100
2019-09-03,23.0,16.0,52.0,2.0,0.0,93
2019-09-04,21.0,16.0,55.0,2.0,0.0,94
2019-09-05,28.0,15.0,62.0,2.0,0.0,107
2019-09-06,29.0,15.0,57.0,2.0,0.0,103
2019-09-07,25.0,15.0,62.0,2.0,0.0,103
2019-09-08,29.0,14.0,60.0,2.0,0.0,105
2019-09-09,31.0,12.0,76.0,2.0,0.0,121
2019-09-10,30.0,11.0,76.0,2.0,0.0,119
2019-09-11,30.0,13.0,75.0,2.0,0.0,119
2019-09-12,28.0,11.0,64.0,2.0,0.0,105
2019-09-13,25.0,10.0,73.0,2.0,0.0,110
2019-09-14,26.0,8.0,74.0,2.0,0.0,110
2019-09-15,24.0,12.0,70.0,2.0,0.0,108
2019-09-16,31.0,16.0,62.0,3.0,0.0,111
2019-09-17,31.0,18.0,48.0,2.0,0.0,99
2019-09-18,29.0,18.0,48.0,2.0,0.0,96
2019-09-19,28.0,17.0,51.0,2.0,0.0,98
2019-09-20,28.0,18.0,62.0,2.0,0.0,110
2019-09-21,30.0,18.0,76.0,2.0,0.0,127
2019-09-22,28.0,18.0,60.0,2.0,0.0,108
2019-09-23,26.0,18.0,71.0,2.0,0.0,117
2019-09-24,28.0,17.0,59.0,2.0,0.0,106
2019-09-25,28.0,19.0,66.0,2.0,0.0,114
2019-09-26,26.0,14.0,63.0,1.0,0.0,105
2019-09-27,26.0,13.0,76.0,2.0,0.0,116
2019-09-28,26.0,14.0,78.0,1.0,0.0,120
2019-09-29,20.0,15.0,79.0,2.0,0.0,116
2019-09-30,28.0,14.0,79.0,2.0,0.0,123
2019-10-01,25.0,17.0,82.0,2.0,0.0,126
2019-10-02,29.0,22.0,72.0,2.0,0.0,125
2019-10-03,30.0,20.0,72.0,2.0,0.0,124
2019-10-04,31.0,20.0,79.0,2.0,0.0,132
2019-10-05,30.0,21.0,79.0,2.0,0.0,132
2019-10-06,26.0,21.0,66.0,2.0,0.0,115
2019-10-07,32.0,22.0,59.0,2.0,0.0,115
2019-10-08,34.0,22.0,72.0,2.0,0.0,131
2019-10-09,33.0,23.0,70.0,2.0,0.0,128
2019-10-10,33.0,23.0,67.0,2.0,0.0,125
2019-10-11,32.0,23.0,64.0,2.0,0.0,120
2019-10-12,26.0,23.0,71.0,2.0,0.0,122
2019-10-13,27.0,23.0,71.0,2.0,0.0,124
2019-10-14,26.0,24.0,77.0,2.0,0.0,130
2019-10-15,26.0,24.0,64.0,2.0,0.0,117
2019-10-16,28.0,23.0,51.0,2.0,0.0,105
2019-10-17,24.0,22.0,61.0,2.0,0.0,108
2019-10-18,29.0,20.0,62.0,2.0,0.0,113
2019-10-19,25.0,16.0,67.0,2.0,0.0,110
2019-10-20,27.0,15.0,62.0,2.0,0.0,105
2019-10-21,30.0,16.0,49.0,2.0,0.0,97
2019-10-22,31.0,18.0,54.0,2.0,0.0,105
2019-10-23,30.0,17.0,59.0,2.0,0.0,108
2019-10-24,30.0,18.0,55.0,1.0,0.0,105
2019-10-25,26.0,17.0,56.0,1.0,0.0,100
2019-10-26,29.0,16.0,51.0,1.0,0.0,97
2019-10-27,29.0,13.0,54.0,2.0,0.0,98
2019-10-28,25.0,17.0,53.0,2.0,0.0,96
2019-10-29,17.0,18.0,57.0,2.0,0.0,93
2019-10-30,19.0,20.0,40.0,2.0,0.0,81
2019-10-31,29.0,21.0,47.0,2.0,0.0,100
2019-11-01,21.0,19.0,61.0,2.0,0.0,103
2019-11-02,15.0,14.0,73.0,2.0,0.1,103
2019-11-03,16.0,15.0,70.0,2.0,0.1,103
2019-11-04,30.0,21.0,82.0,2.0,0.0,134
2019-11-05,32.0,21.0,83.0,2.0,0.0,137
2019-11-06,28.0,20.0,77.0,2.0,0.0,126
2019-11-07,30.0,16.0,77.0,2.0,0.0,125
2019-11-08,29.0,19.0,69.0,1.0,0.0,118
2019-11-09,31.0,21.0,72.0,1.0,0.0,125
2019-11-10,31.0,20.0,75.0,2.0,0.0,127
2019-11-11,31.0,20.0,76.0,2.0,0.0,129
2019-11-12,21.0,20.0,83.0,2.0,0.0,127
2019-11-13,12.0,19.0,84.0,2.0,0.0,116
2019-11-14,8.0,20.0,61.0,2.0,0.1,92
2019-11-15,17.0,20.0,60.0,2.0,0.1,98
2019-11-16,21.0,20.0,73.0,2.0,0.0,115
2019-11-17,24.0,20.0,84.0,2.0,0.0,130
2019-11-18,25.0,20.0,75.0,2.0,0.0,122
2019-11-19,29.0,18.0,61.0,2.0,0.0,110
2019-11-20,31.0,20.0,72.0,2.0,0.0,126
2019-11-21,25.0,22.0,74.0,2.0,0.0,124
2019-11-22,22.0,21.0,73.0,2.0,0.2,119
2019-11-23,25.0,20.0,87.0,2.0,0.0,133
2019-11-24,26.0,20.0,82.0,2.0,0.0,130
2019-11-25,29.0,22.0,83.0,2.0,0.0,136
2019-11-26,19.0,19.0,75.0,2.0,0.0,116
2019-11-27,25.0,19.0,72.0,2.0,0.1,117
2019-11-28,25.0,20.0,63.0,2.0,0.1,111
2019-11-29,28.0,20.0,64.0,2.0,0.1,114
2019-11-30,25.0,19.0,64.0,2.0,0.0,109
2019-12-01,28.0,16.0,37.0,2.0,0.0,83
2019-12-02,31.0,18.0,35.0,2.0,0.0,86
2019-12-03,32.0,20.0,39.0,2.0,0.0,93
2019-12-04,29.0,19.0,62.0,2.0,0.0,112
2019-12-05,27.0,18.0,63.0,2.0,0.1,109
2019-12-06,25.0,15.0,61.0,2.0,0.0,103
2019-12-07,28.0,21.0,68.0,2.0,0.0,119
2019-12-08,29.0,21.0,56.0,2.0,0.0,108
2019-12-09,28.0,19.0,75.0,2.0,0.0,124
2019-12-10,28.0,20.0,74.0,2.0,0.0,123
2019-12-11,20.0,21.0,77.0,2.0,0.0,119
2019-12-12,8.0,17.0,80.0,2.0,0.0,107
2019-12-13,19.0,21.0,82.0,1.0,0.0,123
2019-12-14,28.0,22.0,65.0,2.0,0.0,116
2019-12-15,22.0,21.0,72.0,2.0,0.0,116
2019-12-16,24.0,20.0,83.0,2.0,0.0,128
2019-12-17,25.0,20.0,73.0,2.0,0.0,120
2019-12-18,28.0,20.0,65.0,2.0,0.0,116
2019-12-19,24.0,21.0,76.0,2.0,0.0,122
2019-12-20,26.0,21.0,70.0,2.0,0.0,118
2019-12-21,28.0,21.0,74.0,2.0,0.0,125
2019-12-22,31.0,19.0,77.0,2.0,0.0,129
2019-12-23,31.0,18.0,71.0,2.0,0.0,121
2019-12-24,26.0,18.0,77.0,2.0,0.0,122
2019-12-25,23.0,18.0,73.0,1.0,0.0,116
2019-12-26,25.0,19.0,65.0,1.0,0.0,110
2019-12-27,30.0,24.0,76.0,2.0,0.0,131
2019-12-28,27.0,24.0,75.0,2.0,0.0,128
2019-12-29,26.0,20.0,77.0,2.0,0.0,124
2019-12-30,25.0,20.0,77.0,2.0,0.0,124
2019-12-31,15.0,19.0,68.0,2.0,0.1,105
2020-01-01,22.0,16.0,73.0,1.0,0.0,111
2020-01-02,23.0,14.0,71.0,1.0,0.0,109
2020-01-03,27.0,17.0,73.0,1.0,0.0,118
2020-01-04,27.0,19.0,75.0,1.0,0.0,122
2020-01-05,16.0,22.0,73.0,1.0,0.0,112
2020-01-06,16.0,24.0,64.0,1.0,0.0,105
2020-01-07,13.0,18.0,63.0,1.0,0.0,96
2020-01-08,24.0,20.0,77.0,1.0,0.0,122
2020-01-09,32.0,25.0,81.0,1.0,0.0,139
2020-01-10,32.0,26.0,83.0,1.0,0.0,143
2020-01-11,26.0,23.0,87.0,1.0,0.0,138
2020-01-12,23.0,22.0,91.0,1.0,0.0,137
2020-01-13,13.0,19.0,94.0,2.0,0.0,128
2020-01-14,32.0,21.0,94.0,1.0,0.0,149
2020-01-15,31.0,20.0,97.0,1.0,0.0,150
2020-01-16,25.0,22.0,96.0,1.0,0.0,144
2020-01-17,30.0,23.0,91.0,1.0,0.1,146
2020-01-18,32.0,24.0,80.0,1.0,0.1,138
2020-01-19,32.0,22.0,80.0,1.0,0.0,135
2020-01-20,23.0,24.0,87.0,2.0,0.0,136
2020-01-21,33.0,23.0,93.0,1.0,0.0,151
2020-01-22,34.0,25.0,90.0,1.0,0.0,150
2020-01-23,37.0,25.0,78.0,1.0,0.0,141
2020-01-24,39.0,27.0,91.0,2.0,0.0,158
2020-01-25,36.0,24.0,89.0,2.0,0.0,151
2020-01-26,37.0,26.0,89.0,2.0,0.0,154
2020-01-27,26.0,23.0,90.0,1.0,0.0,139
2020-01-28,32.0,23.0,79.0,2.0,0.0,136
2020-01-29,35.0,25.0,78.0,1.0,0.0,139
2020-01-30,37.0,27.0,96.0,1.0,0.2,161
2020-01-31,38.0,27.0,96.0,2.0,0.2,163
2020-02-01,37.0,27.0,90.0,2.0,0.0,156
2020-02-02,39.0,26.0,77.0,2.0,0.0,144
2020-02-03,39.0,24.0,86.0,2.0,0.1,151
2020-02-04,32.0,25.0,86.0,1.0,0.0,144
2020-02-05,36.0,26.0,85.0,1.0,0.0,148
2020-02-06,40.0,26.0,92.0,2.0,0.1,159
2020-02-07,39.0,25.0,86.0,1.0,0.0,151
2020-02-08,40.0,26.0,70.0,1.0,0.0,136
2020-02-09,38.0,28.0,76.0,1.0,0.0,144
2020-02-10,38.0,26.0,73.0,2.0,0.0,139
2020-02-11,38.0,24.0,76.0,2.0,0.0,140
2020-02-12,37.0,25.0,79.0,2.0,0.0,142
2020-02-13,38.0,26.0,89.0,1.0,0.0,154
2020-02-14,41.0,27.0,102.0,2.0,0.0,172
2020-02-15,42.0,27.0,101.0,2.0,0.0,171
2020-02-16,43.0,27.0,102.0,2.0,0.0,174
2020-02-17,42.0,29.0,104.0,2.0,0.0,176
2020-02-18,42.0,29.0,103.0,1.0,0.0,175
2020-02-19,35.0,26.0,103.0,2.0,0.0,165
2020-02-20,34.0,27.0,102.0,1.0,0.0,164
2020-02-21,35.0,26.0,96.0,1.0,0.0,158
2020-02-22,37.0,27.0,96.0,1.0,0.0,161
2020-02-23,36.0,27.0,101.0,1.0,0.0,164
2020-02-24,35.0,26.0,90.0,2.0,0.0,153
2020-02-25,38.0,28.0,85.0,1.0,0.0,152
2020-02-26,37.0,29.0,93.0,1.0,0.0,160
2020-02-27,35.0,27.0,92.0,1.0,0.0,155
2020-02-28,38.0,24.0,93.0,2.0,0.0,157
2020-02-29,35.0,25.0,91.0,1.0,0.1,153
2020-03-01,36.0,26.0,92.0,1.0,0.0,155
2020-03-02,40.0,26.0,85.0,1.0,0.1,153
2020-03-03,41.0,28.0,83.0,2.0,0.0,153
2020-03-04,39.0,29.0,88.0,1.0,0.0,158
2020-03-05,31.0,28.0,86.0,2.0,0.0,147
2020-03-06,20.0,27.0,87.0,1.0,0.0,135
2020-03-07,36.0,30.0,80.0,1.0,0.0,147
2020-03-08,45.0,28.0,77.0,2.0,0.0,152
2020-03-09,43.0,27.0,73.0,2.0,0.0,144
2020-03-10,36.0,25.0,99.0,1.0,0.0,162
2020-03-11,32.0,28.0,86.0,1.0,0.0,148
2020-03-12,34.0,31.0,87.0,1.0,0.0,153
2020-03-13,34.0,32.0,94.0,1.0,0.0,162
2020-03-14,38.0,30.0,91.0,1.0,0.0,161
2020-03-15,34.0,28.0,94.0,2.0,0.0,158
2020-03-16,42.0,27.0,93.0,2.0,0.0,164
2020-03-17,36.0,27.0,100.0,5.0,0.1,168
2020-03-18,44.0,27.0,101.0,5.0,0.0,176
2020-03-19,39.0,28.0,93.0,5.0,0.0,165
2020-03-20,40.0,28.0,93.0,5.0,0.0,166
2020-03-21,39.0,30.0,100.0,4.0,0.0,174
2020-03-22,36.0,27.0,92.0,5.0,0.0,159
2020-03-23,33.0,26.0,94.0,5.0,0.0,157
2020-03-24,30.0,25.0,96.0,5.0,0.0,155
2020-03-25,28.0,18.0,97.0,5.0,0.0,148
2020-03-26,17.0,19.0,97.0,5.0,0.0,139
2020-03-27,30.0,22.0,97.0,5.0,0.0,154
2020-03-28,45.0,30.0,98.0,5.0,0.0,178
2020-03-29,45.0,30.0,95.0,5.0,0.0,174
2020-03-30,45.0,29.0,96.0,5.0,0.0,174
2020-03-31,35.0,28.0,98.0,5.0,0.0,166
2020-04-01,46.0,29.0,90.0,5.0,0.0,170
2020-04-02,46.0,30.0,95.0,5.0,0.0,175
2020-04-03,47.0,29.0,93.0,5.0,0.0,173
2020-04-04,37.0,28.0,89.0,5.0,0.0,159
2020-04-05,38.0,29.0,84.0,5.0,0.0,156
2020-04-06,39.0,29.0,83.0,5.0,0.0,156
2020-04-07,39.0,29.0,77.0,5.0,0.0,150
2020-04-08,44.0,29.0,89.0,5.0,0.0,166
2020-04-09,43.0,29.0,83.0,5.0,0.0,159
2020-04-10,41.0,27.0,91.0,5.0,0.0,163
2020-04-11,42.0,28.0,97.0,5.0,0.0,171
2020-04-12,42.0,28.0,88.0,5.0,0.1,163
2020-04-13,35.0,28.0,91.0,5.0,0.0,159
2020-04-14,31.0,27.0,93.0,5.0,0.0,156
2020-04-15,37.0,25.0,92.0,5.0,0.0,159
2020-04-16,27.0,27.0,91.0,5.0,0.0,150
2020-04-17,32.0,25.0,89.0,5.0,0.0,151
2020-04-18,39.0,26.0,93.0,5.0,0.0,162
2020-04-19,39.0,27.0,90.0,5.0,0.0,160
2020-04-20,30.0,27.0,88.0,5.0,0.0,150
2020-04-21,38.0,29.0,92.0,5.0,0.0,163
2020-04-22,36.0,28.0,89.0,5.0,0.0,158
2020-04-23,34.0,27.0,91.0,5.0,0.0,157
2020-04-24,37.0,28.0,83.0,5.0,0.0,152
2020-04-25,40.0,29.0,91.0,4.0,0.0,165
2020-04-26,40.0,26.0,90.0,5.0,0.0,160
2020-04-27,39.0,28.0,98.0,5.0,0.0,169
2020-04-28,36.0,28.0,85.0,5.0,0.0,154
2020-04-29,37.0,28.0,68.0,5.0,0.0,137
2020-04-30,35.0,28.0,84.0,5.0,0.0,152
2020-05-01,43.0,27.0,87.0,5.0,0.0,162
2020-05-02,43.0,29.0,95.0,5.0,0.0,171
2020-05-03,35.0,28.0,93.0,5.0,0.0,161
2020-05-04,29.0,28.0,96.0,5.0,0.1,157
2020-05-05,42.0,29.0,93.0,5.0,0.0,168
2020-05-06,37.0,27.0,84.0,5.0,0.0,153
2020-05-07,44.0,30.0,83.0,5.0,0.0,161
2020-05-08,45.0,29.0,83.0,5.0,0.1,162
2020-05-09,43.0,28.0,84.0,5.0,0.1,160
2020-05-10,36.0,26.0,84.0,5.0,0.1,151
2020-05-11,37.0,28.0,86.0,5.0,0.0,155
2020-05-12,37.0,27.0,95.0,5.0,0.1,163
2020-05-13,39.0,26.0,77.0,5.0,0.0,148
2020-05-14,40.0,27.0,80.0,5.0,0.0,152
2020-05-15,42.0,27.0,83.0,5.0,0.0,156
2020-05-16,41.0,26.0,74.0,5.0,0.0,146
2020-05-17,41.0,27.0,73.0,5.0,0.0,146
2020-05-18,43.0,27.0,67.0,5.0,0.0,141
2020-05-19,43.0,28.0,68.0,4.0,0.0,143
2020-05-20,43.0,29.0,82.0,4.0,0.0,158
2020-05-21,45.0,30.0,87.0,4.0,0.0,166
2020-05-22,44.0,29.0,85.0,5.0,0.0,161
2020-05-23,37.0,29.0,85.0,4.0,0.0,156
2020-05-24,38.0,30.0,83.0,5.0,0.0,155
2020-05-25,43.0,28.0,79.0,5.0,0.0,155
2020-05-26,44.0,28.0,80.0,5.0,0.0,156
2020-05-27,43.0,28.0,80.0,5.0,0.0,156
2020-05-28,41.0,28.0,82.0,5.0,0.1,156
2020-05-29,38.0,28.0,80.0,5.0,0.0,152
2020-05-30,40.0,27.0,73.0,5.0,0.0,144
2020-05-31,40.0,26.0,70.0,5.0,0.0,141
2020-06-01,37.0,24.0,71.0,4.8,0.0,136
2020-06-02,41.0,20.0,78.0,4.8,0.0,143
2020-06-03,31.0,19.0,73.0,4.7,0.0,128
2020-06-04,33.0,21.0,71.0,4.6,0.0,129
2020-06-05,22.0,24.0,80.0,4.6,0.0,131
2020-06-06,39.0,25.0,78.0,4.8,0.0,147
2020-06-07,40.0,22.0,71.0,4.9,0.0,139
2020-06-08,42.0,25.0,79.0,4.8,0.0,151
2020-06-09,42.0,26.0,79.0,4.8,0.0,152
2020-06-10,43.0,24.0,62.0,4.9,0.0,133
2020-06-11,42.0,22.0,38.0,4.9,0.0,107
2020-06-12,39.0,22.0,51.0,4.8,0.0,116
2020-06-13,31.0,20.0,62.0,4.7,0.0,117
2020-06-14,38.0,20.0,67.0,4.6,0.0,129
2020-06-15,40.0,22.0,69.0,4.8,0.0,136
2020-06-16,41.0,22.0,61.0,4.6,0.0,129
2020-06-17,42.0,20.0,58.0,4.7,0.0,125
2020-06-18,37.0,23.0,63.0,4.5,0.0,128
2020-06-19,39.0,24.0,68.0,4.5,0.0,135
2020-06-20,40.0,24.0,73.0,5.0,0.0,141
2020-06-21,33.0,22.0,60.0,4.6,0.0,120
2020-06-22,42.0,23.0,62.0,4.7,0.0,132
2020-06-23,41.0,21.0,74.0,4.8,0.0,140
2020-06-24,36.0,20.0,80.0,4.8,0.0,141
2020-06-25,34.0,22.0,78.0,5.5,0.0,140
2020-06-26,38.0,22.0,76.0,4.5,0.0,141
2020-06-27,36.0,24.0,72.0,4.8,0.0,137
2020-06-28,38.0,24.0,65.0,4.9,0.0,132
2020-06-29,39.0,23.0,72.0,4.7,0.0,138
2020-06-30,41.0,20.0,65.0,4.7,0.0,131
2020-07-01,39.0,28.0,90.0,4.8,0.0,161
2020-07-02,41.0,30.0,84.0,4.8,0.0,160
2020-07-03,40.0,27.0,84.0,4.6,0.0,156
2020-07-04,41.0,24.0,71.0,4.9,0.0,141
2020-07-05,33.0,17.0,62.0,4.8,0.0,117
2020-07-06,33.0,16.0,70.0,4.6,0.0,123
2020-07-07,34.0,20.0,88.0,4.5,0.0,147
2020-07-08,34.0,25.0,87.0,4.8,0.0,151
2020-07-09,39.0,26.0,71.0,4.5,0.0,141
2020-07-10,38.0,22.0,67.0,4.6,0.0,132
2020-07-11,38.0,25.0,89.0,4.5,0.0,156
2020-07-12,35.0,25.0,90.0,4.8,0.0,155
2020-07-13,34.0,25.0,87.0,4.8,0.0,151
2020-07-14,35.0,20.0,68.0,4.7,0.0,128
2020-07-15,40.0,19.0,54.0,4.6,0.0,118
2020-07-16,37.0,22.0,63.0,4.6,0.0,126
2020-07-17,38.0,27.0,83.0,4.4,0.0,152
2020-07-18,34.0,30.0,89.0,4.3,0.0,158
2020-07-19,34.0,27.0,90.0,4.1,0.0,155
2020-07-20,36.0,24.0,86.0,4.0,0.0,150
2020-07-21,25.0,24.0,99.0,4.2,0.0,153
2020-07-22,32.0,28.0,90.0,4.6,0.0,154
2020-07-23,42.0,26.0,64.0,4.3,0.0,137
2020-07-24,38.0,24.0,81.0,4.3,0.0,147
2020-07-25,35.0,22.0,78.0,4.4,0.0,139
2020-07-26,37.0,29.0,90.0,4.4,0.0,160
2020-07-27,40.0,30.0,103.0,4.3,0.0,178
2020-07-28,45.0,26.0,79.0,4.3,0.0,155
2020-07-29,39.0,22.0,73.0,4.4,0.0,138
2020-07-30,38.0,22.0,91.0,4.3,0.0,154
2020-07-31,29.0,25.0,88.0,4.5,0.0,147
2020-08-01,37.0,25.0,85.0,4.4,0.0,151
2020-08-02,40.0,27.0,94.0,4.4,0.0,164
2020-08-03,41.0,25.0,71.0,4.4,0.0,142
2020-08-04,42.0,26.0,61.0,4.4,0.0,134
2020-08-05,37.0,21.0,59.0,4.3,0.0,121
2020-08-06,35.0,19.0,77.0,4.3,0.0,136
2020-08-07,25.0,23.0,78.0,4.8,0.0,131
2020-08-08,26.0,22.0,82.0,4.8,0.0,134
2020-08-09,33.0,18.0,63.0,4.3,0.0,118
2020-08-10,30.0,17.0,62.0,4.5,0.0,113
2020-08-11,29.0,17.0,87.0,4.5,0.0,137
2020-08-12,38.0,14.0,69.0,4.3,0.0,126
2020-08-13,36.0,11.0,60.0,4.4,0.1,112
2020-08-14,38.0,16.0,56.0,4.5,0.0,115
2020-08-15,33.0,15.0,48.0,4.5,0.1,100
2020-08-16,37.0,16.0,42.0,4.4,0.1,100
2020-08-17,36.0,15.0,62.0,4.3,0.0,118
2020-08-18,35.0,15.0,79.0,4.6,0.1,134
2020-08-19,36.0,16.0,89.0,4.5,0.1,145
2020-08-20,28.0,17.0,55.0,4.2,0.1,105
2020-08-21,30.0,17.0,79.0,4.4,0.1,130
2020-08-22,39.0,15.0,86.0,4.3,0.0,145
2020-08-23,38.0,14.0,87.0,4.6,0.1,144
2020-08-24,33.0,16.0,85.0,4.6,0.1,139
2020-08-25,26.0,22.0,98.0,4.5,0.1,151
2020-08-26,27.0,23.0,87.0,4.4,0.1,142
2020-08-27,28.0,20.0,85.0,4.4,0.1,138
2020-08-28,37.0,18.0,97.0,4.6,0.1,156
2020-08-29,18.0,15.0,98.0,4.6,0.1,136
2020-08-30,29.0,17.0,100.0,4.6,0.1,151
2020-08-31,18.0,23.0,101.0,4.5,0.0,147
2020-09-01,27.0,27.0,90.0,4.4,0.1,149
2020-09-02,32.0,22.0,56.0,4.5,0.1,115
2020-09-03,24.0,24.0,92.0,4.6,0.1,145
2020-09-04,24.0,29.0,93.0,4.8,0.1,151
2020-09-05,25.0,29.0,96.0,4.5,0.1,154
2020-09-06,35.0,27.0,97.0,4.4,0.1,164
2020-09-07,41.0,30.0,91.0,4.5,0.1,166
2020-09-08,40.0,27.0,85.0,4.5,0.1,157
2020-09-09,40.0,27.0,90.0,4.4,0.1,161
2020-09-10,37.0,23.0,84.0,4.5,0.1,148
2020-09-11,38.0,25.0,76.0,4.4,0.1,144
2020-09-12,37.0,25.0,70.0,4.2,0.1,137
2020-09-13,37.0,26.0,44.0,4.1,0.0,111
2020-09-14,35.0,23.0,48.0,4.5,0.1,110
2020-09-15,33.0,24.0,74.0,4.1,0.1,135
2020-09-16,37.0,24.0,72.0,1.5,0.1,134
2020-09-17,39.0,23.0,79.0,4.5,0.1,145
2020-09-18,40.0,22.0,70.0,4.4,0.1,137
2020-09-19,39.0,23.0,54.0,4.6,0.1,120
2020-09-20,36.0,25.0,55.0,4.3,0.1,121
2020-09-21,40.0,25.0,62.0,4.3,0.1,132
2020-09-22,39.0,25.0,76.0,1.4,0.0,141
2020-09-23,32.0,19.0,88.0,3.5,0.1,142
2020-09-24,38.0,23.0,90.0,4.3,0.1,155
2020-09-25,37.0,25.0,81.0,4.2,0.1,147
2020-09-26,39.0,25.0,43.0,4.4,0.1,111
2020-09-27,41.0,29.0,85.0,4.4,0.1,159
2020-09-28,41.0,30.0,103.0,4.5,0.1,178
2020-09-29,39.0,29.0,75.0,4.5,0.1,148
2020-09-30,40.0,28.0,69.0,1.3,0.1,138
2020-10-01,40.0,29.0,83.0,3.3,0.1,154
2020-10-02,42.0,31.0,90.0,4.2,0.1,167
2020-10-03,40.0,30.0,81.0,4.1,0.1,156
2020-10-04,41.0,28.0,74.0,3.9,0.1,146
2020-10-05,40.0,28.0,95.0,4.0,0.1,167
2020-10-06,42.0,30.0,102.0,4.1,0.1,178
2020-10-07,40.0,28.0,90.0,3.9,0.1,163
2020-10-08,41.0,30.0,87.0,3.9,0.1,161
2020-10-09,41.0,29.0,81.0,4.1,0.1,155
2020-10-10,41.0,28.0,74.0,4.8,0.1,148
2020-10-11,40.0,25.0,44.0,4.7,0.1,114
2020-10-12,41.0,26.0,61.0,4.7,0.1,133
2020-10-13,39.0,26.0,59.0,4.7,0.1,129
2020-10-14,38.0,23.0,60.0,4.5,0.1,125
2020-10-15,36.0,23.0,74.0,4.4,0.1,138
2020-10-16,34.0,22.0,88.0,4.4,0.1,149
2020-10-17,32.0,25.0,92.0,4.4,0.1,153
2020-10-18,27.0,23.0,83.0,4.7,0.1,137
2020-10-19,35.0,23.0,82.0,4.7,0.1,144
2020-10-20,34.0,24.0,75.0,4.6,0.1,137
2020-10-21,39.0,25.0,61.0,4.5,0.1,130
2020-10-22,38.0,28.0,74.0,4.3,0.1,145
2020-10-23,37.0,30.0,86.0,4.3,0.0,158
2020-10-24,37.0,30.0,96.0,4.4,0.0,168
2020-10-25,37.0,29.0,93.0,4.5,0.1,165
2020-10-26,33.0,30.0,91.0,4.7,0.1,159
2020-10-27,36.0,29.0,97.0,4.7,0.1,167
2020-10-28,35.0,31.0,97.0,4.5,0.1,167
2020-10-29,32.0,29.0,87.0,4.6,0.1,153
2020-10-30,34.0,30.0,96.0,4.5,0.1,164
2020-10-31,33.0,28.0,94.0,4.5,0.1,160
2020-11-01,32.0,28.0,98.0,4.4,0.1,163
2020-11-02,38.0,29.0,94.0,4.4,0.1,166
2020-11-03,37.0,29.0,94.0,4.6,0.1,166
2020-11-04,37.0,30.0,88.0,4.7,0.1,160
2020-11-05,38.0,30.0,93.0,4.5,0.1,165
2020-11-06,37.0,30.0,82.0,4.4,0.1,154
2020-11-07,34.0,29.0,86.0,4.3,0.0,154
2020-11-08,36.0,29.0,84.0,3.9,0.1,152
2020-11-09,34.0,28.0,103.0,4.4,0.1,169
2020-11-10,32.0,28.0,105.0,4.4,0.1,171
2020-11-11,29.0,27.0,105.0,4.6,0.1,165
2020-11-12,25.0,26.0,69.0,4.6,0.1,124
2020-11-13,27.0,27.0,65.0,4.4,0.1,124
2020-11-14,29.0,27.0,90.0,4.6,0.1,150
2020-11-15,27.0,27.0,66.0,4.8,0.1,125
2020-11-16,28.0,27.0,54.0,4.3,0.1,114
2020-11-17,30.0,28.0,65.0,4.4,0.1,128
2020-11-18,35.0,25.0,86.0,4.2,0.1,151
2020-11-19,35.0,25.0,93.0,4.3,0.1,157
2020-11-20,37.0,28.0,98.0,4.4,0.1,167
2020-11-21,37.0,30.0,109.0,4.3,0.1,180
2020-11-22,36.0,30.0,96.0,4.4,0.1,166
2020-11-23,33.0,31.0,80.0,4.4,0.1,148
2020-11-24,27.0,33.0,77.0,4.3,0.1,141
2020-11-25,14.0,29.0,76.0,4.3,0.1,123
2020-11-26,30.0,26.0,30.0,4.2,0.1,91
2020-11-27,35.0,27.0,46.0,4.2,0.1,112
2020-11-28,36.0,30.0,56.0,4.6,0.1,126
2020-11-29,37.0,29.0,52.0,4.4,0.1,123
2020-11-30,35.0,33.0,81.0,4.4,0.1,154
2020-12-01,36.0,31.0,97.0,4.4,0.1,168
2020-12-02,36.0,34.0,85.0,4.3,0.1,159
2020-12-03,36.0,32.0,56.0,4.2,0.1,128
2020-12-04,35.0,31.0,65.0,4.5,0.1,136
2020-12-05,33.0,31.0,74.0,4.7,0.1,143
2020-12-06,30.0,31.0,77.0,4.5,0.1,143
2020-12-07,28.0,32.0,63.0,4.3,0.1,127
2020-12-08,33.0,30.0,72.0,4.3,0.1,140
2020-12-09,32.0,29.0,78.0,4.3,0.1,143
2020-12-10,32.0,37.0,100.0,3.9,0.1,172
2020-12-11,26.0,15.0,104.0,4.2,0.1,148
2020-12-12,32.0,17.0,103.0,3.9,0.1,156
2020-12-13,31.0,22.0,91.0,4.4,0.1,148
2020-12-14,32.0,17.0,97.0,4.8,0.1,151
2020-12-15,32.0,21.0,94.0,4.2,0.1,151
2020-12-16,29.0,22.0,69.0,4.0,0.1,124
2020-12-17,33.0,29.0,66.0,4.2,0.0,132
2020-12-18,38.0,31.0,86.0,4.5,0.0,160
2020-12-19,37.0,33.0,79.0,4.4,1.5,154
2020-12-20,32.0,32.0,80.0,4.6,0.0,148
2020-12-21,35.0,33.0,96.0,4.5,0.0,168
2020-12-22,34.0,31.0,92.0,4.6,0.0,162
2020-12-23,36.0,31.0,89.0,4.4,0.1,161
2020-12-24,35.0,31.0,96.0,4.4,0.0,166
2020-12-25,31.0,31.0,95.0,4.4,0.0,161
2020-12-26,32.0,31.0,101.0,4.5,0.0,168
2020-12-27,33.0,31.0,97.0,4.5,0.1,166
2020-12-28,37.0,32.0,91.0,4.4,0.1,165
2020-12-29,37.0,31.0,87.0,4.6,0.1,160
2020-12-30,35.0,29.0,92.0,4.6,0.1,161
2020-12-31,30.0,28.0,64.0,4.4,0.1,126
2021-01-01,34.0,26.0,82.0,4.4,0.0,146
2021-01-02,23.0,27.0,75.0,4.5,0.1,129
2021-01-03,22.0,26.0,77.0,4.4,0.1,129
2021-01-04,17.0,21.0,84.0,4.2,0.2,127
2021-01-05,10.0,22.0,75.0,4.4,0.1,111
2021-01-06,24.0,28.0,45.0,4.4,0.1,102
2021-01-07,30.0,24.0,45.0,4.7,0.1,104
2021-01-08,34.0,27.0,67.0,4.3,0.1,132
2021-01-09,25.0,19.0,64.0,4.8,0.1,113
2021-01-10,36.0,24.0,80.0,4.5,0.1,144
2021-01-11,39.0,31.0,65.0,4.4,0.1,140
2021-01-12,41.0,34.0,73.0,4.4,0.1,152
2021-01-13,40.0,36.0,77.0,4.8,0.0,158
2021-01-14,31.0,35.0,83.0,4.6,0.1,154
2021-01-15,36.0,33.0,90.0,4.4,0.1,163
2021-01-16,36.0,32.0,87.0,4.3,0.1,159
2021-01-17,35.0,30.0,104.0,4.3,0.1,173
2021-01-18,15.0,30.0,109.0,4.6,0.1,159
2021-01-19,29.0,31.0,103.0,4.2,0.0,167
2021-01-20,37.0,33.0,103.0,4.3,0.1,177
2021-01-21,41.0,35.0,97.0,4.4,0.1,177
2021-01-22,37.0,34.0,89.0,4.6,0.2,165
2021-01-23,31.0,33.0,97.0,4.6,0.2,166
2021-01-24,36.0,33.0,105.0,4.3,0.1,178
2021-01-25,36.0,33.0,108.0,4.6,0.2,183
2021-01-26,38.0,34.0,109.0,4.7,0.2,186
2021-01-27,40.0,37.0,104.0,4.2,0.1,184
2021-01-28,39.0,35.0,102.0,4.4,0.1,180
2021-01-29,40.0,36.0,97.0,4.2,0.1,177
2021-01-30,42.0,36.0,98.0,4.6,0.2,181
2021-01-31,43.0,36.0,98.0,4.7,0.1,182
2021-02-01,42.0,36.0,105.0,4.5,0.2,187
2021-02-02,41.0,36.0,102.0,4.9,0.2,184
2021-02-03,38.0,35.0,104.0,4.7,0.2,181
2021-02-04,34.0,35.0,110.0,4.6,0.2,183
2021-02-05,39.0,34.0,111.0,4.3,0.2,188
2021-02-06,44.0,37.0,108.0,4.2,0.2,194
2021-02-07,45.0,38.0,102.0,4.9,0.2,190
2021-02-08,46.0,39.0,110.0,4.8,0.2,200
2021-02-09,42.0,37.0,111.0,4.5,0.2,195
2021-02-10,44.0,37.0,116.0,5.2,0.2,201
2021-02-11,40.0,35.0,111.0,5.2,0.2,192
2021-02-12,42.0,37.0,116.0,4.5,0.2,200
2021-02-13,42.0,36.0,119.0,4.5,0.2,202
2021-02-14,43.0,35.0,110.0,4.5,0.2,193
2021-02-15,43.0,34.0,109.0,3.5,0.1,189
2021-02-16,40.0,31.0,106.0,4.7,0.2,181
2021-02-17,44.0,34.0,106.0,4.5,0.1,189
2021-02-18,43.0,33.0,94.0,4.5,0.2,175
2021-02-19,42.0,35.0,66.0,4.6,0.1,148
2021-02-20,41.0,38.0,91.0,4.5,0.2,175
2021-02-21,41.0,38.0,74.0,4.5,0.2,157
2021-02-22,43.0,38.0,98.0,4.5,0.2,185
2021-02-23,41.0,37.0,113.0,5.4,0.2,197
2021-02-24,44.0,39.0,114.0,4.5,0.1,201
2021-02-25,45.0,38.0,115.0,4.6,0.1,203
2021-02-26,47.0,39.0,109.0,4.7,0.1,199
2021-02-27,47.0,39.0,106.0,5.1,0.1,197
2021-02-28,49.0,39.0,114.0,4.6,0.1,206
2021-03-01,50.0,39.0,109.0,4.6,0.2,203
2021-03-02,51.0,41.0,109.0,4.6,0.2,205
2021-03-03,50.0,40.0,112.0,4.8,0.2,207
2021-03-04,49.0,40.0,112.0,4.8,0.2,206
2021-03-05,49.0,39.0,120.0,4.6,0.1,213
2021-03-06,48.0,39.0,117.0,5.1,0.2,209
2021-03-07,43.0,40.0,111.0,4.9,0.2,198
2021-03-08,43.0,39.0,110.0,4.5,0.2,197
2021-03-09,42.0,38.0,122.0,4.5,0.2,207
2021-03-10,44.0,37.0,116.0,4.5,0.2,202
2021-03-11,48.0,35.0,113.0,5.3,0.1,201
2021-03-12,40.0,29.0,113.0,5.3,0.2,188
2021-03-13,43.0,39.0,113.0,4.7,0.0,199
2021-03-14,48.0,38.0,110.0,4.8,0.2,200
2021-03-15,42.0,37.0,116.0,5.1,0.2,200
2021-03-16,43.0,36.0,111.0,5.1,0.2,196
2021-03-17,44.0,35.0,103.0,5.0,0.2,187
2021-03-18,40.0,31.0,101.0,5.1,0.2,178
2021-03-19,38.0,32.0,103.0,5.2,0.2,178
2021-03-20,47.0,34.0,105.0,5.0,0.2,192
2021-03-21,42.0,31.0,105.0,5.0,0.2,183
2021-03-22,35.0,35.0,101.0,5.0,0.1,175
2021-03-23,47.0,34.0,114.0,4.5,0.2,200
2021-03-24,48.0,37.0,108.0,5.1,0.2,199
2021-03-25,44.0,38.0,101.0,5.2,0.2,188
2021-03-26,51.0,40.0,103.0,5.2,0.2,199
2021-03-27,48.0,39.0,102.0,5.4,0.2,194
2021-03-28,50.0,38.0,100.0,5.4,0.2,193
2021-03-29,50.0,39.0,102.0,5.1,0.2,195
2021-03-30,47.0,39.0,102.0,4.7,0.0,192
2021-03-31,53.0,40.0,113.0,5.0,0.1,210
2021-04-01,54.0,42.0,119.0,5.2,0.2,221
2021-04-02,51.0,40.0,118.0,5.4,0.2,214
2021-04-03,53.0,41.0,113.0,5.4,0.2,213
2021-04-04,51.0,40.0,108.0,5.4,0.0,205
2021-04-05,48.0,40.0,103.0,5.4,0.2,195
2021-04-06,44.0,38.0,98.0,5.1,0.2,185
2021-04-07,49.0,38.0,107.0,5.0,0.2,199
2021-04-08,52.0,35.0,100.0,4.3,0.2,191
2021-04-09,50.0,37.0,108.0,4.9,0.2,200
2021-04-10,51.0,37.0,110.0,5.0,0.2,202
2021-04-11,51.0,36.0,108.0,5.0,0.2,200
2021-04-12,52.0,37.0,100.0,5.2,0.2,195
2021-04-13,48.0,37.0,95.0,5.3,0.2,186
2021-04-14,48.0,34.0,90.0,5.0,0.2,177
2021-04-15,51.0,37.0,109.0,5.1,0.2,202
2021-04-16,43.0,39.0,111.0,4.6,0.2,198
2021-04-17,50.0,39.0,109.0,4.9,0.1,202
2021-04-18,51.0,40.0,106.0,5.0,0.2,202
2021-04-19,44.0,39.0,111.0,5.6,0.2,201
2021-04-20,42.0,35.0,93.0,5.3,0.2,176
2021-04-21,49.0,36.0,104.0,5.0,0.2,194
2021-04-22,53.0,40.0,96.0,4.9,0.2,195
2021-04-23,41.0,38.0,94.0,5.1,0.2,178
2021-04-24,52.0,37.0,106.0,5.1,0.2,200
2021-04-25,53.0,40.0,108.0,4.9,0.2,206
2021-04-26,54.0,39.0,108.0,5.0,0.2,206
2021-04-27,52.0,39.0,105.0,5.4,0.2,201
2021-04-28,48.0,37.0,104.0,5.6,0.2,196
2021-04-29,43.0,34.0,102.0,5.2,0.2,185
2021-04-30,45.0,36.0,107.0,4.9,0.2,192
2021-05-01,44.0,31.0,98.0,5.0,0.2,178
2021-05-02,37.0,32.0,102.0,4.9,0.1,177
2021-05-03,48.0,37.0,103.0,4.8,0.1,193
2021-05-04,48.0,38.0,97.0,4.9,0.1,187
2021-05-05,51.0,39.0,104.0,4.8,0.2,198
2021-05-06,39.0,37.0,103.0,5.4,0.2,185
2021-05-07,51.0,35.0,99.0,5.2,0.1,191
2021-05-08,50.0,36.0,109.0,5.1,0.2,199
2021-05-09,49.0,35.0,102.0,4.9,0.3,190
2021-05-10,47.0,40.0,97.0,5.1,0.2,189
2021-05-11,46.0,43.0,95.0,4.9,0.2,189
2021-05-12,44.0,41.0,101.0,4.9,0.2,191
2021-05-13,48.0,40.0,91.0,4.8,0.2,183
2021-05-14,50.0,40.0,106.0,5.2,0.2,201
2021-05-15,47.0,35.0,87.0,5.3,0.2,174
2021-05-16,50.0,27.0,83.0,5.1,0.2,165
2021-05-17,39.0,24.0,110.0,5.0,0.2,178
2021-05-18,24.0,18.0,112.0,5.0,0.1,160
2021-05-19,33.0,29.0,107.0,5.0,0.1,174
2021-05-20,46.0,38.0,92.0,4.7,0.2,181
2021-05-21,49.0,40.0,90.0,5.0,0.2,185
2021-05-22,40.0,39.0,86.0,5.3,0.2,171
2021-05-23,53.0,39.0,106.0,5.1,0.2,203
2021-05-24,56.0,38.0,88.0,5.1,0.3,188
2021-05-25,58.0,39.0,92.0,4.7,0.1,193
2021-05-26,53.0,37.0,91.0,4.6,0.2,186
2021-05-27,51.0,36.0,96.0,4.6,0.2,188
2021-05-28,50.0,34.0,110.0,4.6,0.2,199
2021-05-29,51.0,38.0,107.0,5.1,0.2,201
2021-05-30,48.0,38.0,107.0,5.2,0.3,198
2021-05-31,51.0,38.0,113.0,5.2,0.1,207
2021-06-01,47.0,37.0,106.0,4.9,0.1,195
2021-06-02,50.0,38.0,105.0,5.1,0.2,197
2021-06-03,54.0,38.0,75.0,5.1,0.2,173
2021-06-04,51.0,34.0,85.0,5.1,0.2,175
2021-06-05,45.0,34.0,93.0,5.1,0.1,176
2021-06-06,52.0,34.0,96.0,4.9,0.1,187
2021-06-07,53.0,36.0,111.0,5.5,0.1,205
2021-06-08,52.0,38.0,109.0,5.3,0.1,204
2021-06-09,51.0,35.0,88.0,4.8,0.2,179
2021-06-10,51.0,33.0,94.0,4.9,0.3,183
2021-06-11,49.0,35.0,93.0,4.9,0.1,182
2021-06-12,50.0,34.0,88.0,4.8,0.1,177
2021-06-13,48.0,33.0,81.0,4.8,0.2,167
2021-06-14,48.0,33.0,73.0,4.7,0.2,159
2021-06-15,47.0,35.0,84.0,4.9,0.2,171
2021-06-16,49.0,34.0,87.0,4.8,0.2,175
2021-06-17,36.0,28.0,83.0,4.8,0.2,151
2021-06-18,42.0,24.0,88.0,4.8,0.1,159
2021-06-19,49.0,23.0,89.0,4.7,0.2,165
2021-06-20,50.0,28.0,111.0,5.1,0.2,195
2021-06-21,50.0,32.0,110.0,5.2,0.2,197
2021-06-22,52.0,31.0,98.0,4.1,0.3,185
2021-06-23,52.0,28.0,91.0,4.7,0.2,176
2021-06-24,51.0,29.0,89.0,5.2,0.2,174
2021-06-25,53.0,32.0,96.0,4.9,0.2,186
2021-06-26,52.0,33.0,79.0,5.0,0.2,169
2021-06-27,50.0,32.0,56.0,5.1,0.3,142
2021-06-28,51.0,31.0,91.0,5.2,0.2,178
2021-06-29,55.0,37.0,108.0,5.1,0.1,206
2021-06-30,54.0,38.0,109.0,4.2,0.1,206
2021-07-01,49.0,35.0,79.0,4.7,0.1,168
2021-07-02,52.0,35.0,75.0,5.3,0.1,167
2021-07-03,51.0,36.0,97.0,5.0,0.1,189
2021-07-04,54.0,37.0,90.0,4.7,0.1,186
2021-07-05,53.0,36.0,87.0,5.7,0.2,182
2021-07-06,54.0,37.0,99.0,5.2,0.2,195
2021-07-07,49.0,38.0,101.0,5.0,0.2,193
2021-07-08,52.0,31.0,81.0,3.9,0.2,168
2021-07-09,55.0,29.0,73.0,4.5,0.2,162
2021-07-10,52.0,33.0,74.0,4.8,0.1,164
2021-07-11,43.0,23.0,51.0,4.5,0.2,122
2021-07-12,43.0,31.0,67.0,4.6,0.3,145
2021-07-13,47.0,35.0,62.0,4.6,0.2,148
2021-07-14,51.0,34.0,62.0,4.8,0.2,151
2021-07-15,55.0,34.0,65.0,4.9,0.2,160
2021-07-16,53.0,35.0,79.0,5.2,0.2,173
2021-07-17,49.0,34.0,83.0,5.4,0.1,171
2021-07-18,48.0,23.0,57.0,4.6,0.2,133
2021-07-19,43.0,28.0,90.0,4.7,0.2,166
2021-07-20,37.0,20.0,82.0,4.2,0.1,143
2021-07-21,42.0,21.0,51.0,4.4,0.2,118
2021-07-22,46.0,24.0,44.0,4.6,0.3,119
2021-07-23,47.0,21.0,69.0,4.4,0.3,143
2021-07-24,49.0,24.0,91.0,4.5,0.3,169
2021-07-25,45.0,17.0,94.0,4.9,0.2,161
2021-07-26,45.0,20.0,97.0,4.2,0.2,166
2021-07-27,28.0,18.0,98.0,4.0,0.2,148
2021-07-28,26.0,17.0,98.0,4.0,0.2,145
2021-07-29,33.0,13.0,84.0,3.9,0.2,133
2021-07-30,43.0,16.0,92.0,3.9,0.1,155
2021-07-31,42.0,18.0,78.0,3.8,0.2,142
2021-08-01,37.0,17.0,88.0,4.3,0.2,146
2021-08-02,42.0,15.0,99.0,5.1,0.2,160
2021-08-03,48.0,21.0,96.0,4.7,0.2,170
2021-08-04,48.0,22.0,94.0,4.4,0.3,169
2021-08-05,53.0,25.0,87.0,4.3,0.3,169
2021-08-06,52.0,23.0,92.0,4.6,0.3,171
2021-08-07,49.0,29.0,100.0,4.7,0.2,183
2021-08-08,52.0,29.0,100.0,4.2,0.2,186
2021-08-09,51.0,27.0,102.0,4.9,0.2,184
2021-08-10,55.0,28.0,86.0,4.9,0.2,174
2021-08-11,56.0,28.0,101.0,4.4,0.2,190
2021-08-12,58.0,33.0,82.0,4.1,0.2,176
2021-08-13,58.0,34.0,79.0,4.2,0.1,175
2021-08-14,58.0,35.0,88.0,4.2,0.2,186
2021-08-15,57.0,35.0,77.0,4.2,0.2,174
2021-08-16,59.0,35.0,67.0,4.2,0.1,165
2021-08-17,60.0,31.0,61.0,4.0,0.2,157
2021-08-18,60.0,23.0,83.0,4.3,0.3,170
2021-08-19,57.0,24.0,91.0,4.4,0.2,177
2021-08-20,52.0,24.0,80.0,4.2,0.2,161
2021-08-21,48.0,22.0,65.0,4.3,0.2,140
2021-08-22,38.0,30.0,94.0,4.2,0.2,167
2021-08-23,54.0,35.0,98.0,5.0,0.1,192
2021-08-24,55.0,35.0,104.0,3.9,0.2,198
2021-08-25,57.0,35.0,89.0,4.7,0.2,186
2021-08-26,56.0,33.0,89.0,4.5,0.1,183
2021-08-27,59.0,34.0,79.0,4.2,0.1,176
2021-08-28,58.0,34.0,56.0,4.2,0.3,153
2021-08-29,54.0,32.0,64.0,4.3,0.2,154
2021-08-30,39.0,27.0,61.0,4.5,0.2,132
2021-08-31,54.0,27.0,82.0,4.9,0.3,169
2021-09-01,53.0,29.0,97.0,4.9,0.2,184
2021-09-02,45.0,31.0,80.0,5.1,0.1,162
2021-09-03,35.0,32.0,66.0,5.1,0.3,138
2021-09-04,51.0,34.0,80.0,4.8,0.2,170
2021-09-05,57.0,31.0,80.0,4.5,0.3,173
2021-09-06,52.0,32.0,66.0,4.2,0.2,154
2021-09-07,58.0,29.0,74.0,4.2,0.2,166
2021-09-08,57.0,29.0,90.0,4.7,0.2,181
2021-09-09,54.0,23.0,103.0,4.3,0.3,185
2021-09-10,50.0,26.0,99.0,4.3,0.3,179
2021-09-11,44.0,28.0,89.0,5.0,0.3,166
2021-09-12,48.0,28.0,89.0,4.6,0.4,170
2021-09-13,52.0,29.0,81.0,3.6,0.3,166
2021-09-14,47.0,30.0,89.0,3.8,0.3,171
2021-09-15,57.0,25.0,95.0,4.0,0.3,182
2021-09-16,60.0,29.0,103.0,4.4,0.1,197
2021-09-17,60.0,29.0,103.0,4.4,0.1,197
2021-09-18,58.0,27.0,99.0,4.5,0.2,188
2021-09-19,48.0,30.0,97.0,4.6,0.2,180
2021-09-20,49.0,28.0,99.0,4.5,0.3,182
2021-09-21,37.0,29.0,87.0,4.5,0.2,158
2021-09-22,42.0,33.0,83.0,4.5,0.3,162
2021-09-23,42.0,27.0,85.0,4.6,0.3,159
2021-09-24,36.0,33.0,71.0,4.7,0.3,146
2021-09-25,56.0,32.0,97.0,4.8,0.3,190
2021-09-26,59.0,30.0,84.0,4.5,0.3,176
2021-09-27,54.0,26.0,65.0,4.3,0.3,150
2021-09-28,62.0,31.0,79.0,4.5,0.3,176
2021-09-29,59.0,25.0,95.0,4.4,0.1,183
2021-09-30,55.0,29.0,92.0,4.0,0.3,180
2021-10-01,55.0,39.0,87.0,4.4,0.3,185
2021-10-02,61.0,35.0,92.0,4.4,0.2,192
2021-10-03,66.0,40.0,98.0,4.6,0.2,209
2021-10-04,65.0,38.0,95.0,4.9,0.2,203
2021-10-05,62.0,37.0,83.0,4.6,0.2,188
2021-10-06,60.0,40.0,77.0,4.6,0.3,181
2021-10-07,64.0,38.0,87.0,4.7,0.3,193
2021-10-08,64.0,40.0,83.0,4.7,0.2,191
2021-10-09,65.0,37.0,73.0,4.7,0.2,181
2021-10-10,66.0,38.0,94.0,4.9,0.3,203
2021-10-11,64.0,41.0,89.0,3.9,0.3,197
2021-10-12,61.0,41.0,97.0,5.0,0.3,205
2021-10-13,64.0,38.0,95.0,4.5,0.2,202
2021-10-14,65.0,43.0,92.0,4.5,0.3,205
2021-10-15,67.0,43.0,94.0,4.4,0.3,208
2021-10-16,66.0,37.0,80.0,4.4,0.3,187
2021-10-17,56.0,35.0,77.0,4.2,0.3,173
2021-10-18,51.0,39.0,100.0,4.1,0.3,194
2021-10-19,55.0,40.0,99.0,4.1,0.2,198
2021-10-20,66.0,42.0,85.0,4.7,0.2,198
2021-10-21,67.0,46.0,89.0,4.9,0.2,207
2021-10-22,66.0,46.0,92.0,4.7,0.2,209
2021-10-23,60.0,41.0,84.0,4.7,0.3,190
2021-10-24,52.0,40.0,84.0,4.6,0.3,181
2021-10-25,68.0,38.0,91.0,4.6,0.3,202
2021-10-26,64.0,40.0,97.0,4.7,0.2,205
2021-10-27,59.0,42.0,101.0,4.7,0.3,206
2021-10-28,63.0,43.0,95.0,4.9,0.3,206
2021-10-29,65.0,43.0,59.0,4.6,0.3,171
2021-10-30,67.0,43.0,76.0,4.4,0.3,190
2021-10-31,65.0,44.0,73.0,4.5,0.3,187
2021-11-01,64.0,42.0,59.0,4.7,0.3,171
2021-11-02,55.0,42.0,69.0,4.5,0.3,170
2021-11-03,59.0,41.0,67.0,4.6,0.3,172
2021-11-04,60.0,39.0,71.0,4.8,0.3,175
2021-11-05,54.0,39.0,80.0,4.8,0.3,178
2021-11-06,56.0,36.0,88.0,5.2,0.3,186
2021-11-07,55.0,36.0,64.0,4.7,0.3,161
2021-11-08,56.0,40.0,66.0,4.7,0.3,167
2021-11-09,56.0,41.0,73.0,4.7,0.3,175
2021-11-10,53.0,40.0,72.0,4.6,0.3,170
2021-11-11,58.0,39.0,45.0,4.6,0.3,147
2021-11-12,58.0,37.0,42.0,4.6,0.3,142
2021-11-13,57.0,35.0,61.0,4.0,0.3,156
2021-11-14,58.0,34.0,65.0,4.7,0.2,161
2021-11-15,56.0,35.0,71.0,4.5,0.2,166
2021-11-16,57.0,34.0,68.0,4.6,0.3,164
2021-11-17,53.0,27.0,58.0,4.4,0.3,143
2021-11-18,51.0,20.0,36.0,4.7,0.3,112
2021-11-19,52.0,20.0,42.0,5.2,0.3,119
2021-11-20,47.0,29.0,59.0,4.4,0.3,140
2021-11-21,55.0,33.0,66.0,4.4,0.3,158
2021-11-22,61.0,35.0,84.0,4.2,0.1,184
2021-11-23,61.0,38.0,84.0,4.4,0.1,188
2021-11-24,60.0,42.0,75.0,4.8,0.4,181
2021-11-25,61.0,42.0,76.0,4.7,0.2,183
2021-11-26,59.0,41.0,79.0,4.6,0.3,183
2021-11-27,59.0,40.0,69.0,4.7,0.3,174
2021-11-28,55.0,40.0,45.0,4.8,0.3,146
2021-11-29,58.0,37.0,47.0,4.4,0.3,146
2021-11-30,56.0,30.0,68.0,4.8,0.3,159
2021-12-01,32.0,16.0,74.0,4.8,0.0,127
2021-12-02,40.0,17.0,74.0,4.8,0.3,136
2021-12-03,57.0,30.0,79.0,4.5,0.3,171
2021-12-04,57.0,30.0,80.0,4.5,0.2,172
2021-12-05,52.0,31.0,77.0,4.2,0.3,165
2021-12-06,50.0,34.0,87.0,4.2,0.2,176
2021-12-07,59.0,33.0,93.0,4.8,0.2,191
2021-12-08,59.0,33.0,90.0,4.3,0.2,186
2021-12-09,63.0,32.0,65.0,4.4,0.3,163
2021-12-10,63.0,35.0,75.0,4.4,0.2,177
2021-12-11,63.0,38.0,83.0,4.6,0.2,189
2021-12-12,64.0,37.0,81.0,4.6,0.3,187
2021-12-13,53.0,34.0,76.0,4.6,0.3,168
2021-12-14,62.0,35.0,70.0,4.7,0.3,172
2021-12-15,56.0,33.0,77.0,4.2,0.3,171
2021-12-16,57.0,34.0,99.0,4.7,0.3,196
2021-12-17,56.0,33.0,98.0,4.8,0.0,192
2021-12-18,67.0,38.0,103.0,4.6,0.3,213
2021-12-19,68.0,42.0,104.0,4.7,0.3,219
2021-12-20,66.0,42.0,103.0,4.9,0.3,216
2021-12-21,64.0,41.0,103.0,4.9,0.3,213
2021-12-22,61.0,40.0,100.0,4.8,0.2,207
2021-12-23,36.0,38.0,106.0,4.4,0.3,184
2021-12-24,48.0,34.0,104.0,5.0,0.3,191
2021-12-25,47.0,35.0,103.0,4.6,0.2,190
2021-12-26,24.0,34.0,101.0,4.5,0.3,164
2021-12-27,41.0,30.0,97.0,5.0,0.3,173
2021-12-28,23.0,21.0,101.0,4.3,0.3,150
2021-12-29,55.0,31.0,95.0,4.1,0.1,185
2021-12-30,49.0,34.0,94.0,4.4,0.1,182
2021-12-31,41.0,32.0,67.0,4.2,0.3,144
2022-01-01,61.0,31.0,76.0,4.3,0.3,172
2022-01-02,61.0,33.0,89.0,4.6,0.3,187
2022-01-03,61.0,36.0,97.0,4.8,0.3,199
2022-01-04,38.0,34.0,102.0,4.8,0.3,179
2022-01-05,13.0,25.0,102.0,4.8,0.3,145
2022-01-06,27.0,21.0,101.0,4.8,0.3,155
2022-01-07,12.0,31.0,92.0,4.8,0.3,140
2022-01-08,49.0,37.0,79.0,4.6,0.3,169
2022-01-09,53.0,35.0,89.0,4.6,0.3,182
2022-01-10,61.0,37.0,96.0,4.3,0.2,199
2022-01-11,61.0,34.0,92.0,4.0,0.2,191
2022-01-12,66.0,39.0,87.0,3.8,0.2,197
2022-01-13,70.0,40.0,94.0,3.9,0.2,208
2022-01-14,62.0,39.0,97.0,4.3,0.2,203
2022-01-15,64.0,39.0,97.0,4.3,0.3,205
2022-01-16,65.0,34.0,90.0,4.7,0.4,194
2022-01-17,68.0,36.0,93.0,4.8,0.3,202
2022-01-18,66.0,39.0,106.0,4.7,0.2,216
2022-01-19,63.0,43.0,108.0,4.7,0.3,220
2022-01-20,63.0,43.0,110.0,4.8,0.2,222
2022-01-21,56.0,37.0,110.0,4.7,0.4,207
2022-01-22,63.0,35.0,110.0,4.8,0.3,213
2022-01-23,63.0,35.0,111.0,4.2,0.2,214
2022-01-24,72.0,41.0,107.0,4.2,0.3,224
2022-01-25,75.0,43.0,102.0,4.5,0.3,225
2022-01-26,79.0,45.0,89.0,4.7,0.3,217
2022-01-27,79.0,47.0,86.0,4.8,0.3,217
2022-01-28,83.0,48.0,121.0,4.7,0.4,256
2022-01-29,82.0,43.0,105.0,5.0,0.3,234
2022-01-30,80.0,47.0,108.0,5.1,0.4,240
2022-01-31,73.0,45.0,108.0,5.4,0.3,232
2022-02-01,74.0,45.0,107.0,5.0,0.2,231
2022-02-02,75.0,45.0,107.0,5.0,0.3,232
2022-02-03,69.0,40.0,106.0,4.9,0.3,221
2022-02-04,77.0,45.0,116.0,4.4,0.1,243
2022-02-05,78.0,46.0,114.0,5.1,0.2,243
2022-02-06,79.0,47.0,101.0,5.1,0.4,233
2022-02-07,72.0,46.0,110.0,5.1,0.4,233
2022-02-08,68.0,43.0,108.0,5.1,0.4,225
2022-02-09,77.0,41.0,105.0,4.8,0.4,228
2022-02-10,85.0,41.0,106.0,4.6,0.3,238
2022-02-11,88.0,46.0,104.0,5.0,0.3,244
2022-02-12,92.0,48.0,103.0,5.3,0.3,247
2022-02-13,91.0,48.0,105.0,5.3,0.5,250
2022-02-14,88.0,46.0,109.0,5.2,0.5,248
2022-02-15,86.0,43.0,101.0,5.2,0.5,236
2022-02-16,88.0,43.0,105.0,5.1,0.4,241
2022-02-17,89.0,43.0,106.0,4.8,0.4,244
2022-02-18,82.0,42.0,107.0,5.0,0.4,236
2022-02-19,86.0,43.0,113.0,5.0,0.4,247
2022-02-20,88.0,49.0,118.0,4.8,0.4,260
2022-02-21,87.0,49.0,110.0,5.2,0.3,252
2022-02-22,85.0,49.0,112.0,5.2,0.5,252
2022-02-23,78.0,47.0,119.0,5.2,0.4,250
2022-02-24,81.0,47.0,113.0,5.0,0.4,246
2022-02-25,85.0,46.0,121.0,5.1,0.4,258
2022-02-26,87.0,47.0,118.0,4.8,0.4,257
2022-02-27,91.0,46.0,123.0,5.0,0.4,266
2022-02-28,88.0,46.0,126.0,5.2,0.4,265
2022-03-01,86.0,47.0,125.0,5.1,0.5,263
2022-03-02,80.0,47.0,120.0,5.2,0.5,253
2022-03-03,91.0,46.0,118.0,5.2,0.4,261
2022-03-04,94.0,47.0,119.0,5.5,0.5,266
2022-03-05,91.0,48.0,119.0,5.2,0.4,264
2022-03-06,74.0,44.0,114.0,5.6,0.5,238
2022-03-07,93.0,43.0,106.0,5.3,0.5,249
2022-03-08,89.0,42.0,113.0,5.2,0.5,250
2022-03-09,88.0,43.0,119.0,5.3,0.4,256
2022-03-10,90.0,44.0,108.0,5.2,0.5,248
2022-03-11,92.0,45.0,109.0,5.2,0.5,251
2022-03-12,91.0,46.0,107.0,5.4,0.3,251
2022-03-13,91.0,48.0,114.0,5.3,0.3,259
2022-03-14,93.0,46.0,117.0,6.0,0.4,262
2022-03-15,94.0,48.0,115.0,5.2,0.4,262
2022-03-16,95.0,49.0,110.0,5.4,0.5,260
2022-03-17,95.0,50.0,109.0,5.3,0.4,259
2022-03-18,94.0,48.0,109.0,5.2,0.4,257
2022-03-19,97.0,47.0,104.0,5.4,0.4,254
2022-03-20,89.0,46.0,93.0,4.6,0.4,234
2022-03-21,89.0,47.0,106.0,4.9,0.4,248
2022-03-22,93.0,44.0,85.0,5.2,0.4,227
2022-03-23,92.0,42.0,98.0,4.5,0.4,237
2022-03-24,92.0,38.0,97.0,5.1,0.3,233
2022-03-25,93.0,41.0,98.0,4.8,0.3,237
2022-03-26,98.0,46.0,99.0,4.8,0.4,248
2022-03-27,97.0,48.0,103.0,4.7,0.4,252
2022-03-28,99.0,49.0,111.0,5.4,0.3,265
2022-03-29,100.0,51.0,111.0,5.0,0.2,267
2022-03-30,99.0,48.0,108.0,5.0,0.2,260
2022-03-31,104.0,48.0,111.0,5.0,0.1,268
2022-04-01,102.0,49.0,107.0,4.9,0.4,263
2022-04-02,103.0,50.0,103.0,4.9,0.2,261
2022-04-03,101.0,50.0,107.0,4.9,0.2,263
2022-04-04,101.0,52.0,107.0,5.0,0.2,266
2022-04-05,100.0,51.0,103.0,4.5,0.2,260
2022-04-06,101.0,50.0,107.0,5.2,0.2,264
2022-04-07,101.0,50.0,109.0,5.4,0.1,266
2022-04-08,99.0,48.0,107.0,5.0,0.3,260
2022-04-09,100.0,50.0,101.0,5.1,0.2,255
2022-04-10,99.0,50.0,93.0,5.1,0.3,247
2022-04-11,99.0,48.0,101.0,5.0,0.3,253
2022-04-12,100.0,48.0,105.0,5.1,0.4,259
2022-04-13,91.0,49.0,108.0,4.9,0.2,253
2022-04-14,91.0,50.0,99.0,5.1,0.2,246
2022-04-15,100.0,50.0,97.0,5.2,0.5,253
2022-04-16,101.0,50.0,100.0,5.1,0.5,256
2022-04-17,101.0,52.0,100.0,5.1,0.4,259
2022-04-18,98.0,51.0,112.0,5.2,0.4,266
2022-04-19,96.0,51.0,109.0,5.2,0.5,261
2022-04-20,89.0,43.0,114.0,5.1,0.3,252
2022-04-21,92.0,41.0,110.0,4.9,0.5,248
2022-04-22,101.0,49.0,105.0,5.3,0.3,261
2022-04-23,100.0,49.0,97.0,5.1,0.3,251
2022-04-24,97.0,49.0,112.0,5.4,0.4,264
2022-04-25,95.0,53.0,110.0,5.8,0.4,264
2022-04-26,102.0,54.0,112.0,5.3,0.5,274
2022-04-27,103.0,53.0,111.0,5.5,0.5,274
2022-04-28,105.0,53.0,111.0,5.1,0.7,274
2022-04-29,108.0,55.0,113.0,4.7,0.8,281
2022-04-30,101.0,55.0,113.0,4.4,0.5,274
2022-05-01,104.0,53.0,113.0,4.4,0.7,274
2022-05-02,96.0,53.0,114.0,5.3,0.4,269
2022-05-03,98.0,55.0,111.0,5.0,0.5,269
2022-05-04,92.0,50.0,100.0,5.1,0.7,248
2022-05-05,92.0,54.0,106.0,5.1,0.8,257
2022-05-06,97.0,51.0,112.0,5.1,0.9,267
2022-05-07,104.0,52.0,107.0,5.2,0.6,268
2022-05-08,104.0,53.0,96.0,5.5,0.8,259
2022-05-09,107.0,50.0,91.0,5.6,0.8,255
2022-05-10,109.0,49.0,90.0,4.9,0.5,253
2022-05-11,105.0,48.0,42.0,4.8,0.5,200
2022-05-12,105.0,50.0,61.0,4.3,0.5,221
2022-05-13,107.0,49.0,89.0,5.0,0.2,250
2022-05-14,110.0,53.0,107.0,5.1,0.0,274
2022-05-15,108.0,52.0,96.0,5.5,0.2,261
2022-05-16,99.0,50.0,95.0,5.0,0.2,249
2022-05-17,104.0,50.0,90.0,5.5,0.2,250
2022-05-18,106.0,48.0,74.0,5.4,0.5,233
2022-05-19,105.0,48.0,77.0,5.4,0.4,236
2022-05-20,97.0,49.0,89.0,5.2,0.4,240
2022-05-21,102.0,50.0,86.0,5.1,0.4,243
2022-05-22,108.0,49.0,109.0,5.1,0.8,272
2022-05-23,82.0,44.0,116.0,5.2,0.6,248
2022-05-24,100.0,48.0,116.0,5.4,0.7,270
2022-05-25,104.0,49.0,114.0,5.5,0.5,273
2022-05-26,107.0,51.0,114.0,5.5,0.7,277
2022-05-27,105.0,51.0,120.0,5.3,0.7,282
2022-05-28,105.0,50.0,110.0,5.0,0.7,270
2022-05-29,104.0,48.0,120.0,5.0,0.8,278
2022-05-30,108.0,49.0,119.0,5.0,0.7,281
2022-05-31,109.0,51.0,103.0,4.9,0.4,268
2022-06-01,109.0,51.0,114.0,4.5,0.5,279
2022-06-02,104.0,52.0,115.0,4.9,0.5,277
2022-06-03,110.0,52.0,114.0,4.9,0.4,281
2022-06-04,114.0,51.0,113.0,4.8,0.5,284
2022-06-05,112.0,52.0,136.0,5.3,0.4,306
2022-06-06,111.0,51.0,85.0,5.5,0.4,253
2022-06-07,110.0,52.0,97.0,5.3,0.5,266
2022-06-08,109.0,53.0,106.0,4.6,0.5,273
2022-06-09,112.0,53.0,113.0,5.4,0.4,284
2022-06-10,109.0,52.0,106.0,6.3,0.5,273
2022-06-11,114.0,47.0,111.0,5.3,0.6,277
2022-06-12,114.0,42.0,110.0,5.7,0.4,273
2022-06-13,97.0,41.0,104.0,5.7,0.2,249
2022-06-14,93.0,50.0,114.0,5.5,0.2,263
2022-06-15,114.0,46.0,87.0,5.5,0.2,254
2022-06-16,109.0,45.0,103.0,4.1,0.2,261
2022-06-17,110.0,48.0,96.0,4.6,0.2,259
2022-06-18,83.0,44.0,93.0,4.3,0.2,225
2022-06-19,88.0,42.0,116.0,6.2,0.4,252
2022-06-20,93.0,46.0,101.0,5.2,0.6,245
2022-06-21,67.0,47.0,90.0,5.3,0.6,209
2022-06-22,103.0,46.0,96.0,5.4,2.4,254
2022-06-23,110.0,45.0,103.0,5.6,1.9,265
2022-06-24,112.0,48.0,106.0,4.1,0.5,270
2022-06-25,115.0,47.0,82.0,4.2,0.6,249
2022-06-26,117.0,46.0,92.0,4.7,0.6,260
2022-06-27,109.0,36.0,86.0,5.1,0.5,237
2022-06-28,108.0,42.0,86.0,5.2,0.2,241
2022-06-29,102.0,40.0,103.0,5.1,0.3,251
2022-06-30,101.0,35.0,95.0,5.2,0.5,236
2022-07-01,63.0,38.0,99.0,5.5,0.6,206
2022-07-02,57.0,36.0,96.0,5.1,0.7,194
2022-07-03,65.0,42.0,86.0,4.2,0.6,198
2022-07-04,87.0,37.0,81.0,5.3,0.6,211
2022-07-05,106.0,34.0,74.0,5.3,0.7,220
2022-07-06,107.0,37.0,61.0,5.1,0.0,210
2022-07-07,93.0,34.0,69.0,4.6,0.8,201
2022-07-08,104.0,29.0,60.0,4.7,0.4,198
2022-07-09,101.0,32.0,57.0,4.6,0.8,195
2022-07-10,86.0,33.0,58.0,4.8,0.7,183
2022-07-11,102.0,28.0,56.0,4.4,0.6,191
2022-07-12,109.0,28.0,66.0,4.3,0.7,208
2022-07-13,104.0,31.0,59.0,4.5,0.8,199
2022-07-14,90.0,31.0,80.0,4.4,0.8,206
2022-07-15,74.0,32.0,88.0,4.6,0.7,199
2022-07-16,91.0,40.0,85.0,4.4,0.8,220
2022-07-17,83.0,40.0,77.0,4.4,0.6,205
2022-07-18,92.0,28.0,70.0,4.5,0.8,195
2022-07-19,93.0,26.0,101.0,4.5,0.5,226
2022-07-20,110.0,36.0,107.0,4.2,0.6,258
2022-07-21,86.0,38.0,92.0,4.0,0.5,220
2022-07-22,81.0,36.0,66.0,4.2,0.7,189
2022-07-23,76.0,29.0,71.0,4.5,0.7,182
2022-07-24,96.0,24.0,84.0,4.3,0.6,208
2022-07-25,89.0,29.0,98.0,4.5,0.5,221
2022-07-26,60.0,25.0,66.0,4.7,0.4,156
2022-07-27,56.0,38.0,94.0,5.0,0.6,194
2022-07-28,68.0,43.0,105.0,4.5,0.6,221
2022-07-29,94.0,43.0,103.0,4.5,0.6,244
2022-07-30,90.0,41.0,103.0,4.6,0.5,240
2022-07-31,100.0,42.0,102.0,4.4,0.3,249
2022-08-01,82.0,40.0,92.0,4.7,0.5,219
2022-08-02,102.0,37.0,93.0,4.4,0.7,237
2022-08-03,102.0,41.0,79.0,4.6,0.6,226
2022-08-04,85.0,36.0,69.0,4.8,0.8,196
2022-08-05,88.0,35.0,76.0,4.7,0.7,204
2022-08-06,95.0,38.0,83.0,4.2,0.7,220
2022-08-07,85.0,37.0,76.0,4.0,0.7,203
2022-08-08,91.0,34.0,63.0,4.2,0.9,192
2022-08-09,116.0,34.0,76.0,3.9,0.7,231
2022-08-10,118.0,34.0,92.0,3.9,0.5,249
2022-08-11,98.0,25.0,97.0,4.0,0.9,225
2022-08-12,85.0,36.0,96.0,4.3,0.9,223
2022-08-13,59.0,39.0,91.0,4.0,0.4,193
2022-08-14,97.0,36.0,71.0,3.8,0.4,208
2022-08-15,83.0,24.0,85.0,4.0,0.5,197
2022-08-16,95.0,23.0,114.0,4.9,0.8,237
2022-08-17,63.0,30.0,116.0,4.7,0.7,214
2022-08-18,78.0,41.0,108.0,4.9,0.7,232
2022-08-19,97.0,39.0,97.0,4.0,0.9,238
2022-08-20,83.0,34.0,96.0,3.9,0.8,218
2022-08-21,97.0,32.0,100.0,4.3,0.9,235
2022-08-22,98.0,30.0,95.0,4.8,0.8,229
2022-08-23,92.0,28.0,103.0,5.3,0.6,229
2022-08-24,80.0,38.0,90.0,4.7,0.9,214
2022-08-25,87.0,41.0,97.0,5.0,0.7,232
2022-08-26,101.0,47.0,84.0,4.8,0.8,237
2022-08-27,111.0,48.0,91.0,4.9,0.5,255
2022-08-28,104.0,45.0,94.0,4.3,0.3,247
2022-08-29,109.0,38.0,77.0,4.9,0.6,229
2022-08-30,105.0,45.0,97.0,4.9,0.6,253
2022-08-31,116.0,46.0,98.0,4.9,0.5,265
2022-09-01,120.0,35.0,141.0,5.1,0.5,301
2022-09-02,120.0,44.0,102.0,4.8,0.6,273
2022-09-03,128.0,47.0,109.0,4.5,0.7,289
2022-09-04,116.0,43.0,96.0,4.8,0.6,261
2022-09-05,116.0,45.0,101.0,4.9,0.7,268
2022-09-06,113.0,47.0,105.0,4.7,0.7,270
2022-09-07,118.0,48.0,92.0,4.9,0.8,264
2022-09-08,115.0,46.0,73.0,2.0,0.7,236
2022-09-09,110.0,47.0,90.0,4.7,0.7,252
2022-09-10,105.0,42.0,77.0,4.2,0.9,229
2022-09-11,108.0,42.0,73.0,4.4,1.0,229
2022-09-12,95.0,34.0,89.0,4.6,0.6,223
2022-09-13,106.0,35.0,91.0,4.1,0.6,237
2022-09-14,98.0,34.0,98.0,4.7,0.7,236
2022-09-15,104.0,27.0,99.0,4.8,0.6,236
2022-09-16,115.0,40.0,100.0,5.0,0.7,261
2022-09-17,112.0,47.0,111.0,4.7,0.7,275
2022-09-18,119.0,50.0,108.0,4.5,0.8,282
2022-09-19,119.0,43.0,96.0,4.5,0.8,264
2022-09-20,115.0,46.0,97.0,3.8,0.7,262
2022-09-21,110.0,46.0,105.0,4.5,0.5,266
2022-09-22,109.0,43.0,110.0,4.5,0.6,266
2022-09-23,107.0,39.0,115.0,4.7,0.7,267
2022-09-24,102.0,47.0,116.0,4.8,0.6,270
2022-09-25,106.0,49.0,115.0,4.8,0.4,276
2022-09-26,111.0,44.0,75.0,5.0,0.7,235
2022-09-27,118.0,47.0,96.0,5.1,0.7,268
2022-09-28,118.0,46.0,88.0,5.3,0.8,259
2022-09-29,120.0,52.0,76.0,4.7,0.6,253
2022-09-30,118.0,54.0,64.0,5.0,0.9,242
2022-10-01,123.0,54.0,73.0,5.3,0.9,256
2022-10-02,125.0,53.0,93.0,5.7,0.6,276
2022-10-03,126.0,51.0,107.0,4.4,0.3,289
2022-10-04,119.0,51.0,88.0,3.7,0.7,262
2022-10-05,118.0,48.0,79.0,4.7,0.6,250
2022-10-06,117.0,32.0,53.0,4.2,0.9,207
2022-10-07,108.0,34.0,82.0,5.0,0.7,231
2022-10-08,95.0,39.0,104.0,4.8,0.6,244
2022-10-09,111.0,44.0,66.0,4.7,0.4,226
2022-10-10,106.0,44.0,72.0,5.2,0.6,228
2022-10-11,113.0,45.0,86.0,4.6,0.5,249
2022-10-12,114.0,46.0,81.0,4.5,0.4,246
2022-10-13,117.0,53.0,85.0,5.0,0.5,261
2022-10-14,119.0,52.0,93.0,5.4,0.7,271
2022-10-15,118.0,56.0,84.0,5.5,0.8,265
2022-10-16,118.0,51.0,87.0,5.6,0.9,262
2022-10-17,118.0,52.0,91.0,4.7,0.8,267
2022-10-18,115.0,50.0,97.0,4.9,0.8,266
2022-10-19,115.0,55.0,95.0,5.0,0.9,271
2022-10-20,114.0,48.0,97.0,5.1,0.9,265
2022-10-21,110.0,48.0,94.0,5.0,1.0,258
2022-10-22,111.0,52.0,107.0,5.6,0.9,277
2022-10-23,112.0,54.0,116.0,6.1,0.5,288
2022-10-24,113.0,54.0,109.0,5.8,0.2,282
2022-10-25,111.0,55.0,121.0,5.5,0.2,292
2022-10-26,111.0,55.0,118.0,5.6,0.5,289
2022-10-27,108.0,52.0,106.0,5.2,0.7,273
2022-10-28,107.0,54.0,94.0,4.7,0.8,260
2022-10-29,105.0,49.0,100.0,5.3,1.0,261
2022-10-30,110.0,52.0,85.0,5.6,0.9,254
2022-10-31,110.0,50.0,114.0,5.0,0.9,280
